ID,Name,Pronouns,Concentration,N_Connections,KL_Divergence,prior_mean_she_her,prior_mean_he_him,prior_mean_xe_xer,prior_mean_they_them,prior_mean_she_they,prior_mean_he_they,post_mean_she_her,post_mean_he_him,post_mean_xe_xer,post_mean_they_them,post_mean_she_they,post_mean_he_they
151,Susan Nguyen,she/her,7.294,3,0.15409,0.4923,0.287,0.0119,0.0648,0.0897,0.0543,0.3488,0.2034,0.0085,0.2402,0.1607,0.0385
240,Anthony Crawford,she/they,9.938,3,0.14749,0.3881,0.4331,0.0047,0.1037,0.0549,0.0155,0.2981,0.3326,0.0809,0.1569,0.0421,0.0892
235,Mr. Christopher Levy,she/her,6.503,2,0.12413,0.3543,0.1056,0.0119,0.304,0.0457,0.1786,0.271,0.3159,0.0091,0.2325,0.0349,0.1366
297,Donna Patterson,he/him,7.047,2,0.12265,0.4736,0.3023,0.0142,0.0886,0.0551,0.0661,0.3689,0.2355,0.0111,0.29,0.0429,0.0515
284,Holly Elliott,she/they,7.863,3,0.11804,0.435,0.378,0.0879,0.0556,0.0182,0.0252,0.3149,0.3657,0.0636,0.2244,0.0132,0.0182
190,Dylan Blackwell,she/her,9.548,3,0.11453,0.4897,0.2208,0.0079,0.2252,0.0167,0.0398,0.3726,0.2477,0.006,0.1714,0.0127,0.1897
258,Janice Lamb,she/her,7.08,3,0.11252,0.365,0.243,0.088,0.0807,0.174,0.0494,0.3555,0.1707,0.0618,0.2551,0.1222,0.0347
259,Dawn Clay,they/them,6.519,1,0.10941,0.4485,0.1845,0.0469,0.1579,0.0131,0.1491,0.3889,0.16,0.0406,0.1369,0.1443,0.1293
203,Brent Gonzalez,they/them,8.825,3,0.10637,0.2493,0.3727,0.1219,0.0587,0.0927,0.1046,0.2706,0.2782,0.091,0.213,0.0692,0.0781
79,Craig Thomas,she/her,6.78,2,0.10452,0.6531,0.1329,0.0326,0.0581,0.0919,0.0315,0.5043,0.2165,0.0251,0.0448,0.071,0.1382
87,Christopher Shaw,she/her,6.682,2,0.10423,0.2667,0.3749,0.0418,0.1659,0.0424,0.1082,0.2053,0.2885,0.1474,0.1277,0.0327,0.1985
10,Christian Heath,he/they,6.172,1,0.09534,0.4469,0.2546,0.1053,0.0846,0.0292,0.0795,0.3846,0.2191,0.0906,0.0728,0.1645,0.0684
113,Christopher Salazar,she/her,9.346,3,0.09488,0.3545,0.3149,0.0254,0.1798,0.0896,0.0357,0.2684,0.3194,0.1002,0.1361,0.0679,0.108
23,Andrew Reynolds,he/him,7.173,3,0.09282,0.1426,0.2982,0.1152,0.1043,0.1719,0.1678,0.2972,0.2103,0.0812,0.0736,0.2195,0.1183
207,Joseph Reeves,she/her,8.325,3,0.09103,0.4416,0.3735,0.0144,0.0653,0.0914,0.0137,0.3246,0.4512,0.0106,0.048,0.0672,0.0984
231,Heidi Vasquez,he/they,7.187,2,0.0908,0.3077,0.349,0.0764,0.1909,0.0086,0.0674,0.2407,0.273,0.1686,0.1494,0.0067,0.1616
160,Trevor Chavez,she/her,7.732,3,0.09076,0.2104,0.387,0.1218,0.1913,0.0176,0.0718,0.1516,0.372,0.1809,0.1379,0.1059,0.0517
269,Richard Hudson MD,she/they,9.598,3,0.0872,0.1518,0.4138,0.0489,0.0975,0.178,0.11,0.1156,0.3152,0.0373,0.2331,0.1356,0.1632
132,Michael Goodwin,he/him,11.35,3,0.08671,0.2496,0.4742,0.074,0.0459,0.0723,0.084,0.2671,0.3751,0.0585,0.1757,0.0572,0.0665
110,Cynthia Olsen,she/her,8.053,3,0.08598,0.3324,0.4116,0.0135,0.0952,0.0982,0.0492,0.2422,0.3904,0.0098,0.2503,0.0715,0.0359
68,Frank Brooks,she/her,9.775,3,0.08427,0.2335,0.5726,0.0249,0.0205,0.0882,0.0603,0.1787,0.5164,0.019,0.0157,0.0675,0.2027
267,Joseph Mathis,they/them,8.704,3,0.08396,0.225,0.2793,0.0104,0.3598,0.0934,0.0322,0.1673,0.2931,0.0077,0.2676,0.2404,0.0239
202,Casey Montgomery,she/they,8.752,1,0.08385,0.2087,0.3981,0.0151,0.269,0.0996,0.0095,0.1873,0.3572,0.0135,0.2415,0.0894,0.111
99,Drew Stone,he/him,7.827,2,0.08362,0.3751,0.4472,0.015,0.0766,0.071,0.0151,0.4006,0.3562,0.012,0.061,0.0565,0.1138
174,Jason Lopez,they/them,8.516,2,0.08233,0.1165,0.2351,0.0253,0.4928,0.071,0.0593,0.2846,0.1904,0.0205,0.3991,0.0575,0.048
181,Brian Fox,he/they,9.787,3,0.08196,0.2528,0.4832,0.0227,0.0767,0.1408,0.0239,0.2717,0.3698,0.0174,0.2151,0.1078,0.0183
288,Timothy Stewart,they/them,7.625,2,0.08077,0.1582,0.3893,0.0189,0.3521,0.0309,0.0505,0.1253,0.4123,0.1189,0.279,0.0245,0.04
114,Stephanie Murphy,he/him,11.503,1,0.07898,0.3707,0.1882,0.001,0.258,0.0922,0.0899,0.3411,0.1731,0.0809,0.2374,0.0848,0.0827
52,Darryl Wagner,she/her,8.762,2,0.07563,0.6077,0.2053,0.0424,0.0211,0.0464,0.077,0.4948,0.2601,0.0345,0.1101,0.0378,0.0627
226,Carl Gray,xe/xer,8.713,2,0.07397,0.3022,0.4335,0.0373,0.1628,0.036,0.0282,0.2458,0.3526,0.0304,0.2257,0.0293,0.1163
164,Ms. Nancy Mitchell,she/her,6.981,3,0.07282,0.3678,0.3113,0.0294,0.188,0.0388,0.0646,0.5578,0.2177,0.0206,0.1315,0.0271,0.0452
12,Kimberly Adams,he/him,10.547,3,0.07235,0.4386,0.2811,0.0904,0.11,0.0133,0.0665,0.3414,0.2927,0.0704,0.1595,0.0842,0.0518
84,Andrew Collier,he/him,9.136,2,0.06968,0.4884,0.2655,0.0193,0.1097,0.082,0.0349,0.4007,0.3077,0.1056,0.09,0.0673,0.0287
293,Tracy Young,he/him,7.708,3,0.0687,0.1983,0.7066,0.0154,0.045,0.0208,0.014,0.2361,0.602,0.0111,0.0324,0.1083,0.0101
156,Steven Young,she/her,8.346,2,0.06794,0.295,0.3823,0.0499,0.1613,0.0745,0.037,0.238,0.3084,0.0402,0.3235,0.0601,0.0299
66,Mike Stevens,she/her,9.669,3,0.06789,0.3005,0.4363,0.0061,0.0944,0.1034,0.0594,0.2294,0.4119,0.0046,0.2299,0.0789,0.0453
180,Scott Herring,he/they,8.643,3,0.06786,0.3823,0.4599,0.0065,0.0914,0.0398,0.0202,0.3697,0.3414,0.0048,0.1537,0.1155,0.015
115,Carlos Smith,they/them,10.92,1,0.0675,0.2653,0.4862,0.008,0.1649,0.0222,0.0535,0.243,0.4454,0.0912,0.1511,0.0204,0.049
22,Susan Myers,they/them,7.367,3,0.06629,0.2433,0.3524,0.0113,0.3166,0.0449,0.0315,0.2694,0.3469,0.008,0.225,0.0319,0.1189
294,Jennifer Price,he/him,9.417,1,0.06601,0.4175,0.4098,0.0181,0.0576,0.0587,0.0383,0.3774,0.3705,0.1124,0.0521,0.053,0.0346
16,Alexis Copeland,he/him,10.081,2,0.06475,0.5335,0.2296,0.0233,0.083,0.0884,0.0421,0.4452,0.1916,0.0195,0.152,0.0738,0.1179
261,Steve Ferguson,she/her,5.925,3,0.0647,0.4333,0.2135,0.1446,0.0374,0.1121,0.0591,0.3997,0.3659,0.096,0.0248,0.0744,0.0393
300,Paul Norton,she/her,8.792,2,0.06406,0.2396,0.3588,0.0242,0.0222,0.0474,0.3079,0.1952,0.385,0.1124,0.0181,0.0386,0.2508
255,Joseph Sloan,they/them,9.248,3,0.06224,0.2495,0.4276,0.0483,0.1378,0.0336,0.1033,0.1884,0.4045,0.0365,0.1041,0.107,0.1596
149,Carol Hill,she/her,8.817,3,0.06154,0.3536,0.4022,0.1285,0.0506,0.0284,0.0366,0.3485,0.3001,0.1805,0.0378,0.0212,0.1119
112,Philip Brown,he/him,10.942,3,0.06127,0.1657,0.5264,0.0838,0.1352,0.0639,0.025,0.2018,0.4131,0.0658,0.1778,0.0502,0.0913
216,Mary White,she/her,10.751,3,0.06083,0.3858,0.246,0.0419,0.1728,0.0728,0.0807,0.3016,0.1923,0.1054,0.2078,0.0569,0.1358
209,Ellen Scott,they/them,11.86,2,0.05996,0.3656,0.2535,0.0496,0.2549,0.0335,0.0428,0.3129,0.2169,0.1146,0.2181,0.0287,0.1088
45,Christine Murphy,they/them,9.754,3,0.05912,0.3278,0.2441,0.018,0.3159,0.0304,0.0638,0.3291,0.2651,0.0922,0.2416,0.0232,0.0488
18,Alan Morgan,she/her,9.201,2,0.05909,0.3883,0.1929,0.169,0.1727,0.039,0.0381,0.319,0.2477,0.1388,0.1419,0.032,0.1206
239,Mario Williams,he/him,9.845,2,0.059,0.2365,0.3877,0.0405,0.1181,0.087,0.1302,0.1965,0.3223,0.1181,0.0981,0.0723,0.1927
103,Dawn Rivera,they/them,9.299,2,0.05895,0.2073,0.2801,0.0367,0.382,0.0696,0.0243,0.1706,0.2305,0.0302,0.4029,0.0573,0.1085
225,Mary Lopez,he/they,5.836,2,0.05844,0.2642,0.2987,0.0516,0.1127,0.1079,0.165,0.3244,0.2225,0.0384,0.2115,0.0803,0.1229
219,John Cohen,he/him,9.888,2,0.05793,0.2501,0.4456,0.0041,0.2154,0.056,0.0288,0.208,0.3706,0.0034,0.2633,0.0466,0.108
133,Michelle Miller,he/him,8.217,3,0.05649,0.2528,0.4291,0.0364,0.1905,0.0169,0.0744,0.1852,0.4035,0.1158,0.2287,0.0123,0.0545
254,Matthew Hoffman,he/him,6.426,3,0.05319,0.1334,0.3787,0.0048,0.1318,0.1672,0.184,0.091,0.4703,0.0033,0.1959,0.114,0.1254
188,Kristen Oconnor,they/them,9.88,3,0.05295,0.1104,0.2028,0.0516,0.4147,0.0684,0.1521,0.1624,0.3108,0.0396,0.3181,0.0525,0.1167
24,Susan Carpenter,he/him,10.276,3,0.05187,0.4582,0.222,0.0105,0.033,0.1858,0.0904,0.3547,0.2472,0.0081,0.1009,0.2191,0.07
119,Juan Reynolds,he/him,10.316,1,0.05185,0.3298,0.5192,0.0083,0.0657,0.0506,0.0264,0.3007,0.4733,0.0075,0.0599,0.0462,0.1124
129,Rebecca Turner,he/him,11.02,3,0.05182,0.3819,0.2641,0.0372,0.1849,0.0903,0.0416,0.3002,0.2789,0.0292,0.1453,0.1423,0.104
245,Dale Hanson,they/them,6.809,2,0.05102,0.3194,0.4593,0.0357,0.0766,0.0229,0.086,0.3604,0.355,0.0276,0.0592,0.0177,0.18
2,Richard Snow,he/they,9.53,2,0.05063,0.3342,0.3272,0.0296,0.207,0.0553,0.0467,0.2762,0.2704,0.0245,0.2578,0.0457,0.1253
3,Tina Bailey,he/they,9.323,2,0.04898,0.1981,0.373,0.0311,0.314,0.0173,0.0664,0.3398,0.3071,0.0256,0.2586,0.0143,0.0547
38,William Yoder,he/him,9.164,2,0.04896,0.1871,0.456,0.0367,0.091,0.1828,0.0464,0.1536,0.4639,0.1197,0.0747,0.15,0.0381
77,Danielle White,he/him,7.796,3,0.04875,0.4348,0.327,0.0381,0.0802,0.1038,0.0161,0.4066,0.3288,0.1202,0.0579,0.0749,0.0116
141,Bryan Thompson,he/him,9.935,2,0.04842,0.2381,0.5051,0.0439,0.07,0.026,0.1168,0.1982,0.4204,0.0365,0.1421,0.0216,0.181
51,Steven Lutz,he/him,8.147,3,0.04807,0.4265,0.3895,0.008,0.116,0.0289,0.0312,0.5808,0.2847,0.0058,0.0848,0.0211,0.0228
211,Nicole Hickman,they/them,9.792,1,0.04764,0.2571,0.3503,0.014,0.3182,0.038,0.0225,0.2332,0.3178,0.0127,0.2887,0.1271,0.0204
260,Wendy Olson,she/her,9.711,1,0.0473,0.4322,0.2589,0.0396,0.1151,0.0887,0.0656,0.3919,0.2347,0.1292,0.1043,0.0804,0.0595
80,Nicole Garcia,he/him,9.986,3,0.0471,0.2489,0.5076,0.0781,0.0581,0.0826,0.0247,0.2684,0.4673,0.0601,0.0447,0.0635,0.096
223,David Dorsey,he/him,15.532,2,0.04605,0.0987,0.3555,0.0156,0.3194,0.1348,0.0759,0.1445,0.315,0.0709,0.283,0.1195,0.0672
44,Harold Peck,they/them,8.471,3,0.046,0.2608,0.4022,0.0415,0.1396,0.0671,0.0888,0.1926,0.3842,0.0306,0.1903,0.1367,0.0656
90,Christopher Austin,he/they,11.671,3,0.04599,0.3824,0.2213,0.0197,0.174,0.0177,0.1848,0.3724,0.2442,0.0838,0.1384,0.0141,0.147
210,Thomas Lewis,she/her,9.483,3,0.04549,0.3733,0.1393,0.0411,0.0529,0.1485,0.2449,0.3637,0.1859,0.0312,0.1203,0.1128,0.186
175,Sherry Gutierrez,she/they,8.584,3,0.04524,0.4121,0.3531,0.0101,0.0496,0.082,0.0932,0.3053,0.4343,0.0075,0.0368,0.0607,0.1554
37,Lisa Anderson,she/her,8.087,2,0.04471,0.2973,0.2791,0.1342,0.1819,0.0301,0.0775,0.2383,0.3229,0.1076,0.1458,0.0241,0.1612
172,Denise Davis,he/him,11.196,3,0.0444,0.3781,0.2202,0.0185,0.2007,0.0346,0.1478,0.2982,0.2441,0.0146,0.2288,0.0977,0.1166
20,Lorraine Aguilar,he/him,7.67,2,0.04425,0.2452,0.4968,0.0439,0.1198,0.0289,0.0654,0.1945,0.4975,0.0348,0.095,0.0229,0.1553
96,Daniel Herring,he/him,8.333,3,0.04408,0.3077,0.4687,0.0449,0.0727,0.0397,0.0664,0.3145,0.4329,0.033,0.0535,0.1174,0.0488
233,Danielle Barber,he/him,12.687,3,0.04336,0.2823,0.3965,0.0105,0.2323,0.0526,0.0259,0.2283,0.4482,0.0085,0.1879,0.0425,0.0847
43,Steven Martin MD,she/her,10.657,2,0.04326,0.3783,0.3189,0.0365,0.1864,0.0496,0.0303,0.3185,0.3475,0.1098,0.157,0.0418,0.0255
187,Roy Bauer,xe/xer,13.021,2,0.04251,0.3053,0.5016,0.0422,0.0698,0.0204,0.0607,0.3312,0.4348,0.0365,0.0605,0.0843,0.0526
29,Brandon Anderson,she/her,8.847,3,0.0424,0.5333,0.3768,0.022,0.0237,0.0123,0.0318,0.4827,0.3658,0.0165,0.0177,0.0092,0.1082
217,Keith Green,she/her,10.339,2,0.04177,0.2968,0.4,0.0071,0.1391,0.1126,0.0444,0.3297,0.3352,0.006,0.1166,0.0943,0.1183
72,Rachel Miller,she/her,10.517,2,0.04156,0.4737,0.1099,0.002,0.2625,0.086,0.066,0.398,0.1722,0.0017,0.2205,0.1521,0.0555
97,Mary Todd,he/him,14.578,3,0.04082,0.3876,0.3953,0.0094,0.0818,0.0706,0.0554,0.3783,0.3847,0.0647,0.0678,0.0585,0.0459
162,Christy Boyd,they/them,6.991,1,0.04077,0.3879,0.4432,0.0171,0.1149,0.0091,0.0278,0.3394,0.3878,0.0149,0.2257,0.0079,0.0243
98,Alexander Banks,she/they,10.922,3,0.03992,0.1876,0.3803,0.0447,0.0878,0.2697,0.0299,0.1472,0.3702,0.035,0.0689,0.2834,0.0953
33,Kristen Bell,she/her,8.407,3,0.03952,0.4957,0.1347,0.0829,0.2301,0.02,0.0366,0.453,0.187,0.1488,0.1696,0.0147,0.027
178,Thomas Payne,they/them,10.531,2,0.03928,0.2207,0.3746,0.1089,0.106,0.1337,0.0563,0.2653,0.3148,0.0915,0.0891,0.1123,0.1271
248,Kara Allen,she/her,10.092,2,0.03895,0.3849,0.4005,0.0077,0.047,0.0618,0.0981,0.3212,0.4169,0.0064,0.122,0.0516,0.0819
296,Samuel Harris,she/her,14.704,3,0.03876,0.5147,0.2788,0.008,0.1006,0.075,0.0229,0.4275,0.2881,0.0066,0.1965,0.0623,0.019
257,Ronald Larsen,she/her,13.905,2,0.0386,0.3272,0.4848,0.0162,0.0969,0.0204,0.0544,0.3489,0.4238,0.0142,0.0848,0.0807,0.0476
58,Cynthia White,they/them,9.125,1,0.03826,0.2796,0.488,0.0299,0.1214,0.0117,0.0693,0.252,0.4398,0.027,0.1094,0.0105,0.1613
191,Brent Gomez,he/him,8.128,3,0.03806,0.2319,0.4359,0.0164,0.1343,0.102,0.0795,0.3491,0.4083,0.0119,0.0981,0.0745,0.058
109,Cheryl Brown,they/them,11.287,2,0.03737,0.1645,0.2829,0.0144,0.2188,0.2751,0.0444,0.1397,0.3156,0.0122,0.1858,0.2337,0.1129
95,Nicole Garza,they/them,10.498,1,0.03628,0.3135,0.4131,0.0535,0.1057,0.0257,0.0885,0.2862,0.3772,0.1358,0.0965,0.0235,0.0808
63,Michele Day,they/them,9.48,2,0.03624,0.3937,0.2373,0.0286,0.2496,0.0285,0.0623,0.4122,0.1959,0.0236,0.2061,0.0235,0.1386
42,Meagan Villanueva,he/him,13.158,2,0.03609,0.4539,0.2957,0.0254,0.1314,0.0202,0.0734,0.46,0.2567,0.088,0.114,0.0176,0.0637
123,Steven Hernandez,she/her,9.963,2,0.03573,0.414,0.249,0.0261,0.1633,0.0762,0.0714,0.3448,0.3745,0.0217,0.136,0.0635,0.0595
118,Cheryl Jones,xe/xer,6.842,1,0.03535,0.2918,0.2231,0.0791,0.2069,0.1449,0.0542,0.2546,0.1947,0.069,0.1805,0.2539,0.0473
146,Kenneth Gonzalez,he/they,9.581,2,0.03534,0.1274,0.5717,0.0396,0.1401,0.0253,0.096,0.1917,0.4729,0.0328,0.2023,0.0209,0.0794
54,Shane Thompson,she/they,10.58,3,0.03484,0.3104,0.4038,0.1285,0.0634,0.0796,0.0142,0.2418,0.5355,0.1001,0.0494,0.062,0.0111
263,Mrs. Kayla Singh,he/they,10.669,3,0.03458,0.2554,0.3846,0.0606,0.1482,0.0108,0.1405,0.3457,0.3002,0.0473,0.1888,0.0084,0.1096
88,Nathan Hall,she/her,10.248,3,0.03456,0.3885,0.3488,0.0216,0.0953,0.041,0.1049,0.3005,0.3453,0.0167,0.1492,0.0317,0.1566
256,Scott Blake,they/them,11.512,3,0.03406,0.2446,0.4787,0.0345,0.1276,0.0237,0.0909,0.3319,0.3797,0.0274,0.1702,0.0188,0.0721
218,Nicole Vang,she/they,9.861,2,0.03393,0.4256,0.1308,0.0137,0.0782,0.2906,0.0611,0.4382,0.1088,0.0114,0.065,0.2416,0.1351
19,Mr. Jeffrey Gardner,he/him,9.803,1,0.03298,0.3817,0.3683,0.1347,0.0741,0.0095,0.0317,0.3464,0.3342,0.1222,0.1598,0.0086,0.0288
8,Jacob Wright,she/her,11.086,2,0.03296,0.4448,0.228,0.021,0.1109,0.0985,0.0967,0.3768,0.3459,0.0178,0.094,0.0835,0.082
78,James Peterson,he/him,8.63,3,0.03285,0.2365,0.4152,0.0775,0.1213,0.0979,0.0516,0.1755,0.4801,0.0575,0.176,0.0727,0.0383
286,Michelle Johnson,they/them,7.005,1,0.03251,0.3561,0.3833,0.0483,0.1535,0.0119,0.0469,0.3116,0.3354,0.0423,0.2593,0.0104,0.041
120,Tracy Rodgers,she/they,7.322,2,0.03237,0.2681,0.3758,0.034,0.16,0.1032,0.0589,0.3179,0.2952,0.0267,0.2329,0.081,0.0463
184,Richard Wilson,she/they,9.392,2,0.03235,0.3195,0.2949,0.085,0.0815,0.131,0.0881,0.2634,0.3309,0.0701,0.0672,0.108,0.1604
105,Christopher Hughes,he/him,9.663,3,0.03156,0.3861,0.3022,0.0548,0.0824,0.0922,0.0823,0.3736,0.3096,0.1208,0.0628,0.0704,0.0628
64,Alyssa Martinez,he/him,10.757,2,0.03152,0.2228,0.5183,0.0777,0.0784,0.0594,0.0434,0.2663,0.4371,0.0655,0.1445,0.0501,0.0366
159,Eric Taylor,she/her,4.255,3,0.03113,0.4416,0.3742,0.0287,0.0625,0.0185,0.0745,0.5347,0.3573,0.0168,0.0367,0.0109,0.0437
124,Tammie Garcia,he/him,7.51,3,0.03091,0.1446,0.4222,0.088,0.1485,0.0375,0.1593,0.1985,0.3968,0.0628,0.2013,0.0268,0.1138
201,David Johnson,she/her,10.387,1,0.03052,0.2833,0.4919,0.0203,0.0989,0.0327,0.073,0.2584,0.4487,0.0185,0.0902,0.0299,0.1544
287,Dawn Wong,he/him,8.468,2,0.0304,0.1347,0.3603,0.0817,0.3221,0.0714,0.0298,0.1089,0.4825,0.0661,0.2606,0.0577,0.0241
238,Robert Morales,she/her,12.841,1,0.02996,0.5016,0.2265,0.0127,0.0448,0.1699,0.0445,0.4653,0.2101,0.0118,0.0416,0.1576,0.1136
279,Amber Mcdaniel,she/her,6.842,2,0.02919,0.2792,0.4695,0.01,0.1575,0.0558,0.0281,0.216,0.5895,0.0077,0.1219,0.0432,0.0217
205,Tanya Coleman,she/her,6.959,3,0.02906,0.3674,0.3387,0.0146,0.0903,0.0627,0.1262,0.3571,0.4375,0.0102,0.0631,0.0438,0.0882
222,Morgan Wu,she/her,8.228,2,0.02889,0.3671,0.3877,0.0073,0.1686,0.0159,0.0535,0.2953,0.5074,0.0058,0.1357,0.0128,0.043
7,Cindy Mercado,they/them,8.829,3,0.02887,0.3569,0.2713,0.0725,0.0802,0.1186,0.1005,0.3509,0.287,0.0541,0.1444,0.0885,0.075
67,Michael Mclaughlin,she/her,6.163,2,0.02875,0.5214,0.3258,0.0097,0.0195,0.0878,0.0358,0.6386,0.246,0.0073,0.0148,0.0663,0.027
143,Brenda Gordon,he/him,5.992,2,0.02864,0.1686,0.4836,0.0589,0.0821,0.1951,0.0117,0.2516,0.4877,0.0441,0.0615,0.1463,0.0088
126,Jennifer Ruiz,he/him,12.36,2,0.02805,0.2252,0.3785,0.0038,0.2006,0.0449,0.147,0.3331,0.3258,0.0033,0.1727,0.0386,0.1265
212,Savannah Thomas,she/her,9.207,3,0.02804,0.374,0.265,0.1508,0.0971,0.0861,0.0269,0.364,0.3637,0.1138,0.0732,0.065,0.0203
170,Lisa Miller,she/her,7.336,2,0.02787,0.3259,0.4448,0.0069,0.1648,0.0224,0.0352,0.3632,0.3495,0.0054,0.2366,0.0176,0.0276
41,Brittany Duarte,he/him,11.747,3,0.02773,0.2748,0.2161,0.028,0.0849,0.1559,0.2403,0.2867,0.3077,0.0223,0.0676,0.1242,0.1914
236,Christopher Lawson,they/them,13.151,2,0.02773,0.3562,0.3867,0.0189,0.1557,0.0103,0.0721,0.3092,0.3356,0.0164,0.2012,0.009,0.1286
34,Kelly Mcclain,he/him,11.253,3,0.02699,0.2114,0.4539,0.0631,0.1166,0.0634,0.0917,0.1669,0.4285,0.0498,0.1622,0.0501,0.1425
131,Matthew Oneal,he/they,12.104,2,0.02685,0.298,0.243,0.1029,0.2741,0.0627,0.0193,0.2558,0.3504,0.0883,0.2353,0.0538,0.0165
243,Brandon Arnold,she/her,10.102,3,0.02672,0.2332,0.4787,0.0425,0.0836,0.1345,0.0274,0.3324,0.4454,0.0328,0.0645,0.1037,0.0212
150,Bobby Garcia,he/him,8.455,1,0.02667,0.1361,0.3365,0.0032,0.4154,0.0101,0.0986,0.2275,0.3009,0.0029,0.3715,0.009,0.0882
83,John Morton,xe/xer,8.197,1,0.0266,0.1449,0.4345,0.2108,0.0274,0.0297,0.1526,0.2379,0.3873,0.1879,0.0245,0.0265,0.136
215,Daniel Jensen,he/him,9.594,3,0.02641,0.3769,0.3094,0.049,0.0699,0.0875,0.1073,0.3665,0.3151,0.0373,0.1327,0.0667,0.0818
264,Edward Wheeler,he/him,7.893,1,0.02629,0.1577,0.3826,0.0215,0.1557,0.0195,0.263,0.2525,0.3396,0.0191,0.1382,0.0173,0.2335
152,Derek King,she/her,12.012,3,0.02614,0.3188,0.3258,0.0998,0.1124,0.0636,0.0796,0.3217,0.2607,0.1465,0.1566,0.0509,0.0637
48,Donna Ross,he/they,9.185,3,0.02606,0.1625,0.1883,0.009,0.2049,0.0776,0.3576,0.2046,0.224,0.0068,0.2365,0.0585,0.2696
224,Amanda Nolan,xe/xer,8.148,2,0.02603,0.2337,0.2053,0.0395,0.1914,0.0306,0.2994,0.2862,0.1649,0.0317,0.2522,0.0246,0.2404
265,Craig Brooks,xe/xer,9.695,1,0.026,0.3861,0.2815,0.0797,0.1067,0.0336,0.1123,0.35,0.2552,0.0723,0.1902,0.0305,0.1018
189,Melissa Snyder,they/them,10.57,2,0.0259,0.3349,0.1808,0.0245,0.3626,0.0838,0.0135,0.2816,0.152,0.0206,0.3845,0.15,0.0114
142,Alyssa Owens,xe/xer,8.458,2,0.02579,0.4074,0.3424,0.0372,0.1224,0.0291,0.0614,0.5207,0.277,0.0301,0.099,0.0236,0.0497
183,William Gilbert,she/her,11.097,3,0.02528,0.393,0.4361,0.0194,0.0486,0.0697,0.0333,0.3803,0.4142,0.0153,0.1092,0.0549,0.0262
253,William Gonzalez,she/they,12.372,3,0.02501,0.2681,0.1624,0.2868,0.1108,0.1219,0.05,0.3459,0.1958,0.2308,0.0892,0.0981,0.0402
242,Sherri Stout,he/him,11.28,3,0.02478,0.1978,0.4732,0.0798,0.1304,0.0693,0.0494,0.1563,0.5839,0.0631,0.103,0.0547,0.0391
147,Ashley Butler,he/him,10.996,1,0.02443,0.4548,0.2298,0.1016,0.0967,0.0284,0.0888,0.4169,0.2106,0.0931,0.0886,0.026,0.1647
166,Jamie Whitney,he/him,10.894,1,0.02423,0.4694,0.2641,0.0345,0.0916,0.0592,0.0812,0.4299,0.2419,0.0316,0.168,0.0542,0.0744
204,Shelley Smith,xe/xer,10.357,2,0.02367,0.4056,0.0933,0.0667,0.2146,0.1716,0.0483,0.4209,0.1591,0.0559,0.1798,0.1438,0.0405
230,Christopher Lee,he/they,10.965,1,0.02344,0.198,0.3814,0.0268,0.1889,0.1105,0.0945,0.1815,0.3495,0.0245,0.1731,0.1013,0.1702
237,Sheila Harris,he/him,9.582,2,0.02331,0.2923,0.2538,0.0018,0.2869,0.1345,0.0307,0.2418,0.21,0.0015,0.3237,0.1976,0.0254
182,Christine Cooke,they/them,10.096,3,0.02282,0.1354,0.5472,0.0029,0.1619,0.0335,0.1191,0.1044,0.6509,0.0023,0.1248,0.0258,0.0918
32,Crystal Stephens,he/him,9.004,2,0.02268,0.4151,0.3378,0.0167,0.1672,0.0215,0.0417,0.5214,0.2764,0.0137,0.1368,0.0176,0.0341
295,Sydney Brown,she/her,12.033,3,0.02267,0.3217,0.3287,0.0515,0.1419,0.0808,0.0754,0.2575,0.3961,0.0412,0.1801,0.0647,0.0604
168,Mrs. Lisa Dougherty,she/they,9.003,1,0.02267,0.2028,0.2739,0.0157,0.1464,0.211,0.1501,0.1825,0.2465,0.0142,0.2318,0.1899,0.1351
102,Ronald Martinez,he/him,10.777,2,0.02256,0.3654,0.4042,0.0656,0.0919,0.0291,0.0438,0.3082,0.4192,0.0553,0.1557,0.0245,0.037
280,Charles Rogers,he/him,13.186,3,0.02223,0.4266,0.3453,0.0342,0.1345,0.0145,0.0448,0.4093,0.3431,0.0278,0.1096,0.0118,0.0983
1,Cory Anderson,xe/xer,10.976,2,0.02223,0.4066,0.2911,0.1075,0.1,0.0901,0.0047,0.421,0.2462,0.091,0.0846,0.1533,0.004
285,Maria Nelson,xe/xer,8.25,2,0.02206,0.4637,0.2762,0.0686,0.079,0.097,0.0155,0.5683,0.2223,0.0552,0.0636,0.0781,0.0125
194,Jennifer Phillips,xe/xer,11.695,1,0.02205,0.4186,0.4105,0.0308,0.0894,0.0209,0.0297,0.3857,0.3782,0.0284,0.1611,0.0193,0.0274
91,Joy Huffman,he/they,11.037,1,0.02204,0.1761,0.4394,0.0862,0.0389,0.1012,0.1583,0.1615,0.4029,0.0791,0.0357,0.1758,0.1451
69,Melissa Hernandez,he/him,9.967,2,0.02181,0.405,0.2798,0.0307,0.1373,0.1197,0.0275,0.3373,0.3166,0.0256,0.1979,0.0997,0.0229
31,Stephanie Mccarty,they/them,10.57,2,0.02172,0.1469,0.3846,0.0224,0.3538,0.085,0.0072,0.1235,0.3234,0.0188,0.4567,0.0715,0.0061
176,Tiffany Barker,he/they,11.84,3,0.02157,0.4112,0.2364,0.0163,0.1322,0.0818,0.1221,0.3955,0.3234,0.013,0.1054,0.0653,0.0974
234,Ashley Brown,she/her,8.829,2,0.02107,0.445,0.2703,0.0241,0.1788,0.0649,0.017,0.5475,0.2204,0.0196,0.1458,0.0529,0.0138
17,Wendy Aguirre,he/him,8.561,1,0.02092,0.1757,0.4941,0.1005,0.056,0.0641,0.1096,0.2619,0.4425,0.09,0.0501,0.0574,0.0982
154,Anna Floyd,he/him,12.305,1,0.02092,0.3298,0.3841,0.0741,0.0226,0.086,0.1033,0.305,0.3552,0.0685,0.0209,0.1547,0.0955
75,Henry Bartlett,he/him,13.283,2,0.02074,0.1241,0.5577,0.1245,0.0605,0.0328,0.1005,0.1078,0.5501,0.1082,0.118,0.0285,0.0874
13,Lisa Flynn,she/her,13.454,3,0.02071,0.1386,0.239,0.07,0.1063,0.2207,0.2254,0.1741,0.2562,0.0572,0.1477,0.1805,0.1843
85,Kendra Williams,she/her,11.75,2,0.02034,0.3757,0.3141,0.0348,0.0997,0.0662,0.1095,0.3211,0.3411,0.0297,0.1579,0.0566,0.0936
158,Joseph Carter,she/they,11.653,1,0.01952,0.3175,0.1056,0.0106,0.115,0.1506,0.3007,0.2924,0.1763,0.0098,0.1059,0.1387,0.2769
73,Elizabeth Taylor,he/him,12.591,2,0.01944,0.2903,0.3871,0.0306,0.0494,0.0831,0.1596,0.2505,0.4025,0.0264,0.0426,0.1402,0.1377
148,Rebekah Gonzalez,she/her,11.881,2,0.01937,0.381,0.3721,0.0099,0.1069,0.0348,0.0954,0.3261,0.3906,0.0085,0.0915,0.0297,0.1537
173,Jacqueline Jackson,she/they,10.47,3,0.01924,0.578,0.2474,0.0051,0.0337,0.033,0.1027,0.672,0.1923,0.004,0.0262,0.0257,0.0798
262,Carlos Nelson,they/them,9.637,1,0.0192,0.1558,0.3243,0.0135,0.2314,0.2233,0.0517,0.2351,0.2938,0.0123,0.2097,0.2023,0.0468
196,Kathryn Meza,she/her,7.975,3,0.01913,0.4811,0.1437,0.0154,0.2101,0.0456,0.1041,0.5318,0.1044,0.0112,0.2438,0.0331,0.0757
93,Daniel Pittman,she/her,8.401,3,0.01898,0.3236,0.3817,0.0504,0.2084,0.0292,0.0067,0.3262,0.4567,0.0371,0.1536,0.0216,0.0049
121,Rebecca Carter,she/her,8.001,3,0.01875,0.2975,0.4116,0.0052,0.1803,0.045,0.0604,0.3073,0.4811,0.0038,0.1312,0.0328,0.0439
111,Robert Randall,he/him,7.645,3,0.01871,0.4234,0.3012,0.1311,0.0787,0.0283,0.0374,0.4919,0.3102,0.0941,0.0565,0.0203,0.0269
6,Brent Walters,he/him,11.635,3,0.01858,0.3683,0.3228,0.082,0.0966,0.0549,0.0754,0.3611,0.325,0.0652,0.0768,0.0436,0.1283
169,Shelley Stone,he/him,13.786,3,0.01851,0.4011,0.2362,0.022,0.2582,0.0511,0.0313,0.3294,0.2536,0.0181,0.3312,0.042,0.0257
199,Christina Ferguson,she/her,10.778,2,0.01838,0.4134,0.2661,0.1158,0.0695,0.1118,0.0235,0.427,0.2244,0.1759,0.0586,0.0943,0.0198
21,Robert Wright,he/they,11.772,2,0.01833,0.4028,0.3015,0.0291,0.09,0.0605,0.1161,0.3443,0.3304,0.0249,0.0769,0.0517,0.1718
61,Julie Hughes,they/them,7.017,1,0.01816,0.2609,0.2782,0.0308,0.1349,0.1676,0.1276,0.2284,0.3682,0.027,0.118,0.1467,0.1117
117,Mr. Taylor Jordan,she/her,8.073,1,0.01779,0.1537,0.309,0.0561,0.2286,0.0087,0.2439,0.1367,0.2749,0.0499,0.3137,0.0077,0.217
122,Julie Juarez,he/him,10.178,3,0.01758,0.3295,0.3771,0.0949,0.0435,0.0507,0.1043,0.3304,0.3671,0.1492,0.0336,0.0391,0.0806
74,Sarah Peterson,she/they,11.597,1,0.01743,0.4417,0.2126,0.0041,0.1225,0.161,0.058,0.4067,0.1957,0.0038,0.1922,0.1482,0.0534
193,Melissa Miller,they/them,12.631,2,0.01726,0.3595,0.2689,0.0414,0.1375,0.1159,0.0768,0.3104,0.3005,0.0357,0.1187,0.1684,0.0663
291,Phillip Murray,she/her,10.006,3,0.01721,0.1974,0.4797,0.0542,0.1629,0.0241,0.0817,0.1519,0.5228,0.0417,0.2022,0.0186,0.0628
276,Melvin Calhoun,she/her,9.351,2,0.01663,0.4085,0.205,0.0682,0.1628,0.1123,0.0432,0.4246,0.1689,0.0562,0.2222,0.0925,0.0356
30,Nicholas Perez,they/them,12.369,2,0.01652,0.3149,0.3568,0.0061,0.1884,0.0491,0.0846,0.2711,0.4463,0.0053,0.1622,0.0423,0.0728
71,Rhonda Norton,she/her,9.413,2,0.01638,0.2775,0.3835,0.0409,0.215,0.0625,0.0206,0.3165,0.3163,0.0338,0.265,0.0515,0.017
53,Michael Patrick,she/her,12.006,3,0.01626,0.2595,0.6128,0.0413,0.0347,0.0214,0.0302,0.3409,0.5569,0.033,0.0278,0.0171,0.0242
171,Bill Stevenson,she/her,9.501,1,0.01615,0.2811,0.192,0.003,0.3316,0.1265,0.0658,0.2543,0.269,0.0027,0.3,0.1145,0.0595
266,Chris Estrada,he/him,12.107,3,0.01592,0.284,0.2586,0.0438,0.1876,0.1445,0.0814,0.2276,0.2735,0.0351,0.2166,0.182,0.0652
292,Robert Jackson,they/them,8.045,2,0.01592,0.246,0.3301,0.0816,0.0943,0.1382,0.1099,0.2966,0.3639,0.0653,0.0755,0.1107,0.088
289,Scott Griffith,she/her,14.069,2,0.01561,0.3147,0.4262,0.0891,0.0314,0.1082,0.0304,0.4,0.3731,0.078,0.0275,0.0947,0.0266
11,Anthony Martin,he/they,7.754,1,0.01506,0.2487,0.2826,0.0196,0.2398,0.0647,0.1445,0.2203,0.3646,0.0174,0.2124,0.0573,0.128
106,William Rodriguez,she/her,10.609,3,0.01483,0.3236,0.3583,0.0609,0.1283,0.1184,0.0105,0.3258,0.4263,0.0474,0.1,0.0923,0.0082
270,James Martinez,he/him,7.712,1,0.01483,0.2885,0.2693,0.2065,0.0817,0.0614,0.0925,0.3702,0.2384,0.1828,0.0724,0.0544,0.0818
163,Kyle Webb,they/them,13.388,2,0.0148,0.4437,0.3066,0.0684,0.1153,0.0405,0.0255,0.386,0.3318,0.0595,0.1653,0.0353,0.0221
125,Dale Combs,they/them,12.436,1,0.01476,0.5782,0.0999,0.0345,0.1116,0.046,0.1298,0.5352,0.0925,0.0319,0.1033,0.0426,0.1946
4,Benjamin Vasquez,she/her,9.323,1,0.01476,0.3421,0.3038,0.0156,0.1177,0.0043,0.2166,0.3089,0.2744,0.0141,0.1063,0.0039,0.2925
14,Natalie Noble PhD,she/her,9.341,3,0.0147,0.5565,0.1664,0.0443,0.1748,0.0115,0.0464,0.5833,0.207,0.0336,0.1323,0.0087,0.0351
25,Karen Meyer,she/her,11.563,2,0.01464,0.2728,0.3829,0.0727,0.1358,0.0984,0.0373,0.2326,0.4002,0.062,0.1895,0.0839,0.0318
185,Jason Reyes,she/her,11.779,2,0.0141,0.4225,0.243,0.0404,0.2107,0.077,0.0064,0.5063,0.2077,0.0346,0.1801,0.0658,0.0054
15,Kelly Thomas PhD,xe/xer,8.675,1,0.01401,0.2546,0.3175,0.0662,0.2196,0.0723,0.0698,0.3316,0.2847,0.0593,0.1969,0.0648,0.0626
167,Lynn Hall,they/them,9.989,1,0.01397,0.2912,0.2846,0.0815,0.2039,0.0341,0.1047,0.2647,0.2587,0.0741,0.2763,0.031,0.0952
272,Eric Spence,they/them,9.912,1,0.01391,0.2074,0.3339,0.0213,0.2039,0.1928,0.0408,0.28,0.3033,0.0193,0.1852,0.1752,0.0371
145,Nicholas Lee,he/him,8.179,1,0.01368,0.3562,0.2838,0.0504,0.214,0.0493,0.0462,0.3174,0.3619,0.0449,0.1907,0.0439,0.0411
198,Brian Harris,they/them,9.511,1,0.0131,0.2345,0.4186,0.0424,0.2367,0.0134,0.0544,0.3074,0.3788,0.0384,0.2142,0.0121,0.0492
268,George Garza,he/him,8.178,1,0.01307,0.2948,0.4307,0.0411,0.1327,0.0141,0.0865,0.3716,0.3838,0.0367,0.1183,0.0126,0.077
275,Amanda Drake,she/her,9.586,3,0.01296,0.4489,0.2654,0.0967,0.0422,0.0151,0.1317,0.5008,0.2816,0.0737,0.0322,0.0115,0.1003
281,Wendy Miller,he/him,11.168,2,0.01295,0.2308,0.4713,0.0599,0.1805,0.0528,0.0047,0.1957,0.5516,0.0508,0.1531,0.0448,0.004
195,Jason Nichols,he/they,9.806,1,0.01271,0.2208,0.1651,0.0888,0.2299,0.2288,0.0666,0.2004,0.1498,0.0806,0.3011,0.2077,0.0604
127,Mary Jenkins,she/they,11.02,1,0.01268,0.1777,0.365,0.0753,0.1163,0.0758,0.1899,0.1629,0.3347,0.069,0.1066,0.0695,0.2573
136,Steven Morgan,he/him,6.247,1,0.01254,0.2136,0.4271,0.0381,0.1626,0.0241,0.1344,0.1841,0.5062,0.0329,0.1401,0.0208,0.1159
179,Timothy Allen,they/them,8.107,1,0.01211,0.1376,0.3173,0.0682,0.3674,0.0846,0.0249,0.1225,0.3922,0.0607,0.327,0.0753,0.0222
161,Janet Smith,she/her,13.915,2,0.01203,0.2558,0.3878,0.0342,0.1057,0.0814,0.1351,0.2236,0.4647,0.0299,0.0924,0.0711,0.1181
206,Patrick King,they/them,7.031,1,0.01201,0.1502,0.36,0.0308,0.3834,0.0648,0.0107,0.1315,0.3152,0.027,0.4602,0.0568,0.0094
36,Jamie Brown,he/him,12.046,3,0.01187,0.2834,0.4588,0.0604,0.1067,0.0601,0.0306,0.2934,0.4338,0.0483,0.1519,0.0481,0.0245
197,Steven Williams,he/they,12.158,1,0.0118,0.4478,0.1634,0.0072,0.0787,0.1723,0.1307,0.4137,0.151,0.0066,0.0727,0.2352,0.1207
76,Elizabeth Phillips,he/him,7.041,1,0.01133,0.2047,0.3985,0.0373,0.0409,0.2613,0.0574,0.1792,0.4733,0.0326,0.0358,0.2288,0.0503
200,Chloe Collins,she/her,8.636,2,0.01131,0.2611,0.3824,0.0415,0.1544,0.122,0.0386,0.306,0.4046,0.0337,0.1254,0.099,0.0313
60,Katrina Johnson,she/her,10.424,2,0.0113,0.5411,0.2624,0.0139,0.0506,0.0915,0.0405,0.6149,0.2202,0.0117,0.0424,0.0768,0.0339
227,Jason Sanchez,he/him,10.611,2,0.01128,0.1836,0.437,0.0121,0.1994,0.0888,0.0792,0.2338,0.4469,0.0102,0.1678,0.0747,0.0666
101,Eric Davis,she/her,12.128,3,0.01127,0.3305,0.3663,0.1318,0.0408,0.0788,0.0519,0.3311,0.4258,0.1056,0.0327,0.0632,0.0416
107,Michelle Garcia,he/they,9.862,1,0.0112,0.2552,0.4296,0.124,0.1205,0.0034,0.0672,0.3238,0.3901,0.1126,0.1094,0.0031,0.061
81,Denise Martin,he/him,7.932,1,0.01115,0.3479,0.308,0.0236,0.1331,0.1808,0.0067,0.4209,0.2735,0.021,0.1182,0.1605,0.0059
59,Dustin Castillo,he/him,10.505,1,0.01109,0.2335,0.2116,0.0335,0.355,0.1009,0.0655,0.3001,0.1933,0.0306,0.3241,0.0921,0.0598
298,Vanessa Bender,he/him,11.135,2,0.01097,0.2453,0.2744,0.0671,0.2731,0.0334,0.1067,0.2841,0.3088,0.0569,0.2315,0.0284,0.0904
86,Samantha Morales,he/him,7.349,1,0.01092,0.2541,0.3885,0.0248,0.2457,0.0469,0.04,0.2236,0.4617,0.0218,0.2163,0.0413,0.0352
273,Steven Mccullough,he/him,8.362,2,0.01088,0.3655,0.1122,0.023,0.2896,0.0512,0.1585,0.3914,0.0905,0.0186,0.3302,0.0413,0.1279
26,Gary Peterson,he/they,10.218,2,0.01076,0.2055,0.419,0.0202,0.1695,0.1078,0.0781,0.2537,0.4323,0.0169,0.1418,0.0901,0.0653
228,Edward Ware,xe/xer,14.608,3,0.01052,0.3354,0.2896,0.0839,0.107,0.0099,0.1742,0.3918,0.2971,0.0696,0.0888,0.0082,0.1445
46,Jay Mcintyre,he/him,13.727,2,0.01039,0.1645,0.2744,0.0368,0.3045,0.1187,0.1011,0.2072,0.2395,0.0321,0.3294,0.1036,0.0882
56,Justin Jones,she/they,12.141,3,0.0103,0.241,0.2779,0.0175,0.1754,0.1494,0.1388,0.2593,0.2888,0.014,0.2067,0.1198,0.1113
140,Danielle Tapia,she/her,11.419,1,0.01029,0.5486,0.2189,0.0928,0.0684,0.0495,0.0218,0.5044,0.2818,0.0853,0.0629,0.0456,0.02
70,Joshua Riddle,they/them,16.369,3,0.01027,0.3426,0.3859,0.0505,0.1625,0.0166,0.0419,0.2895,0.4294,0.0427,0.189,0.014,0.0354
278,Lynn Parker,she/her,8.611,3,0.01025,0.476,0.3299,0.0169,0.0275,0.0782,0.0715,0.5253,0.3308,0.0125,0.0204,0.058,0.053
104,Michael Gonzalez,he/him,8.255,1,0.01023,0.2154,0.3523,0.0468,0.2175,0.0917,0.0764,0.1921,0.4223,0.0418,0.194,0.0818,0.0681
57,Sean Mcbride,she/her,8.357,1,0.01004,0.3515,0.3369,0.074,0.0656,0.0458,0.1263,0.4208,0.3009,0.0661,0.0586,0.0409,0.1128
28,Anna Valdez,he/him,9.181,1,0.0099,0.3135,0.2763,0.0715,0.2539,0.0699,0.0149,0.3809,0.2491,0.0645,0.2289,0.0631,0.0134
137,Heather Orr,he/they,8.824,2,0.00927,0.3023,0.3676,0.036,0.0854,0.0952,0.1135,0.3388,0.392,0.0293,0.0696,0.0776,0.0925
9,Justin Dyer,he/him,10.38,1,0.00919,0.2798,0.4617,0.0428,0.1515,0.0439,0.0204,0.3431,0.4211,0.039,0.1382,0.04,0.0186
241,Jessica Melendez,he/him,8.869,1,0.00918,0.3686,0.3477,0.0086,0.2134,0.0502,0.0115,0.3313,0.4138,0.0078,0.1918,0.0451,0.0103
100,Bryce Edwards,they/them,11.684,1,0.00905,0.2371,0.5252,0.0913,0.0727,0.0213,0.0525,0.2973,0.4838,0.0841,0.0669,0.0196,0.0484
208,Tammy Bowman,he/him,9.368,1,0.00903,0.3275,0.3028,0.0329,0.0888,0.2048,0.0432,0.3924,0.2736,0.0297,0.0802,0.1851,0.039
277,Ronald Hernandez,xe/xer,8.703,3,0.00889,0.3303,0.363,0.0327,0.1799,0.0244,0.0696,0.3311,0.3554,0.0243,0.2192,0.0182,0.0518
214,Kerri Jones,he/him,8.111,1,0.00886,0.3981,0.3237,0.0042,0.1039,0.0628,0.1072,0.4642,0.2882,0.0038,0.0925,0.0559,0.0954
165,Katherine Ellis,they/them,7.814,1,0.00882,0.2221,0.4167,0.0427,0.0791,0.1174,0.122,0.1969,0.4829,0.0379,0.0701,0.1041,0.1081
92,Lisa Pittman,they/them,10.507,1,0.00848,0.237,0.2936,0.0447,0.0987,0.1436,0.1824,0.2164,0.355,0.0408,0.0901,0.1312,0.1666
221,Wesley Stevens,he/they,15.422,3,0.00843,0.4786,0.3229,0.0362,0.095,0.0145,0.0528,0.455,0.3246,0.0303,0.1338,0.0121,0.0442
274,Lisa Martinez,she/her,10.315,1,0.00831,0.3916,0.3062,0.0161,0.2207,0.0133,0.0521,0.357,0.3675,0.0146,0.2012,0.0121,0.0475
186,Melissa Mcdonald,they/them,11.75,1,0.008,0.4096,0.2616,0.0401,0.2356,0.028,0.0251,0.3774,0.3195,0.037,0.2172,0.0258,0.0231
128,Kelli Ellis,he/him,11.017,1,0.00799,0.2876,0.4943,0.0529,0.1417,0.0119,0.0116,0.3469,0.4532,0.0485,0.1299,0.0109,0.0106
220,Misty Reynolds,they/them,10.979,1,0.00759,0.3013,0.2427,0.0111,0.2759,0.0398,0.1291,0.3596,0.2225,0.0102,0.2529,0.0365,0.1183
65,Tracy Williamson,she/her,10.416,2,0.00748,0.393,0.2729,0.0036,0.1345,0.1016,0.0943,0.4102,0.3095,0.0031,0.1128,0.0852,0.0791
55,Stephanie Graham,xe/xer,10.05,2,0.00746,0.3535,0.3119,0.017,0.1514,0.1438,0.0224,0.3778,0.3432,0.0141,0.1263,0.1199,0.0187
139,Toni Valencia,he/they,8.331,1,0.00737,0.154,0.4344,0.0562,0.1523,0.0767,0.1264,0.1375,0.495,0.0502,0.136,0.0685,0.1128
49,Felicia Wolfe,xe/xer,9.354,1,0.00734,0.3739,0.381,0.0407,0.0928,0.0873,0.0243,0.3378,0.4407,0.0368,0.0838,0.0788,0.022
89,James Downs,he/him,10.421,1,0.00702,0.3429,0.4174,0.0355,0.0508,0.0949,0.0585,0.4005,0.3808,0.0324,0.0464,0.0866,0.0533
249,Kim Lin,she/her,15.147,1,0.00698,0.2975,0.428,0.0381,0.1973,0.0216,0.0176,0.2791,0.4015,0.0357,0.247,0.0202,0.0165
5,Dennis Smith,she/they,13.767,2,0.00696,0.4592,0.1846,0.0676,0.0578,0.1605,0.0704,0.4643,0.2246,0.059,0.0505,0.1401,0.0615
40,Lindsey Logan,xe/xer,9.427,1,0.00694,0.3632,0.3921,0.0299,0.1145,0.0917,0.0086,0.3284,0.4504,0.027,0.1035,0.0829,0.0078
213,Megan Alexander,he/him,10.566,1,0.00677,0.322,0.3458,0.0224,0.232,0.0217,0.0561,0.2941,0.4023,0.0204,0.2119,0.0198,0.0513
192,Brian Craig,she/her,15.241,2,0.00671,0.4179,0.1954,0.0405,0.1734,0.0676,0.1052,0.4274,0.1727,0.0358,0.2113,0.0597,0.093
283,April Campbell,she/her,9.552,1,0.00658,0.3314,0.3995,0.0326,0.1161,0.1174,0.003,0.3,0.4564,0.0295,0.1051,0.1062,0.0027
177,Mary Knight,he/him,11.966,2,0.00657,0.1635,0.62,0.0485,0.0845,0.0585,0.0251,0.1401,0.6744,0.0415,0.0724,0.0501,0.0215
134,Seth Salazar,she/her,9.318,2,0.00644,0.611,0.2472,0.0241,0.0461,0.0279,0.0437,0.5914,0.2919,0.0198,0.038,0.023,0.036
229,Pamela Myers,she/her,7.973,2,0.00644,0.4508,0.3391,0.0576,0.09,0.0306,0.0319,0.4606,0.3714,0.0461,0.072,0.0244,0.0255
50,Crystal Navarro,she/her,10.647,1,0.00643,0.3556,0.1839,0.0446,0.2567,0.0463,0.1128,0.4109,0.1681,0.0408,0.2347,0.0424,0.1031
290,Edward Bowman,she/her,11.921,1,0.00641,0.3063,0.3093,0.048,0.2417,0.0619,0.0327,0.36,0.2854,0.0443,0.223,0.0571,0.0302
299,Ashley Mccoy,he/him,8.46,1,0.0062,0.2598,0.4736,0.1175,0.1005,0.0309,0.0176,0.2324,0.5293,0.1051,0.0899,0.0277,0.0158
108,John Brown,she/her,13.421,1,0.00607,0.2869,0.2697,0.0142,0.0494,0.1913,0.1885,0.267,0.3203,0.0132,0.046,0.178,0.1754
252,Lisa Wilson,he/him,13.191,2,0.00592,0.2026,0.5296,0.0253,0.1461,0.0776,0.0189,0.2417,0.5257,0.022,0.1269,0.0674,0.0164
27,John Pennington,she/her,9.579,1,0.00583,0.4305,0.3909,0.0116,0.0727,0.059,0.0353,0.4843,0.3539,0.0105,0.0658,0.0534,0.032
144,Sara Smith,he/they,10.253,1,0.00581,0.3989,0.2818,0.0342,0.2377,0.0121,0.0353,0.4524,0.2568,0.0312,0.2166,0.011,0.0321
62,Amanda Hamilton,she/her,8.93,1,0.00578,0.2481,0.4665,0.031,0.0875,0.1495,0.0174,0.2231,0.5202,0.0278,0.0787,0.1344,0.0157
244,Elizabeth Rivers,he/they,11.019,2,0.00578,0.2882,0.4169,0.0807,0.1304,0.05,0.0338,0.3207,0.4297,0.0683,0.1104,0.0423,0.0286
246,Brian Contreras,she/her,12.947,1,0.00567,0.3003,0.3787,0.0027,0.1989,0.1094,0.01,0.3505,0.3515,0.0025,0.1847,0.1016,0.0093
138,Sherry Smith,she/her,12.451,1,0.00563,0.2983,0.3183,0.0228,0.184,0.1392,0.0374,0.2762,0.369,0.0211,0.1703,0.1288,0.0346
247,Michael Wise,she/her,13.689,1,0.00529,0.2927,0.2556,0.0056,0.2116,0.0581,0.1764,0.3408,0.2382,0.0052,0.1972,0.0542,0.1644
39,David Hawkins,they/them,8.809,1,0.00501,0.1625,0.5114,0.0572,0.2013,0.0599,0.0077,0.146,0.5612,0.0514,0.1807,0.0538,0.0069
47,Justin Benson,he/him,10.028,1,0.00498,0.1214,0.45,0.0043,0.1698,0.061,0.1935,0.1104,0.4998,0.0039,0.1544,0.0555,0.1759
251,Jeremy Knight,he/they,11.335,2,0.0049,0.3728,0.3392,0.0355,0.0961,0.0077,0.1487,0.3918,0.3634,0.0302,0.0817,0.0065,0.1264
250,Mary Garcia,he/him,14.262,1,0.00475,0.4,0.3003,0.035,0.1237,0.0224,0.1186,0.3738,0.3461,0.0327,0.1156,0.0209,0.1109
282,Joseph Mcpherson,he/him,10.54,1,0.0045,0.1679,0.4532,0.0501,0.3025,0.0177,0.0087,0.1533,0.5006,0.0457,0.2763,0.0162,0.0079
116,Katherine Hernandez,she/her,9.673,2,0.00429,0.4327,0.3625,0.0061,0.1133,0.0275,0.0578,0.4442,0.3861,0.0051,0.0939,0.0228,0.0479
35,Robert Reed,she/her,12.301,1,0.00379,0.2825,0.4239,0.0219,0.1343,0.0184,0.1189,0.2613,0.4672,0.0203,0.1242,0.017,0.11
232,Leonard Smith,she/her,14.479,3,0.00374,0.3389,0.256,0.2351,0.0982,0.0573,0.0145,0.3379,0.2693,0.252,0.0813,0.0474,0.012
94,Christine Gallegos,she/her,10.357,1,0.00344,0.266,0.5324,0.0279,0.0615,0.034,0.0781,0.2426,0.5736,0.0254,0.0561,0.031,0.0712
271,Brittany Jensen,he/him,14.865,1,0.00319,0.2509,0.3782,0.0877,0.2098,0.0622,0.0112,0.2351,0.4174,0.0821,0.1966,0.0583,0.0105
157,Jeffrey Green,she/her,10.851,1,0.00318,0.5307,0.1686,0.0743,0.0941,0.1043,0.0279,0.5703,0.1544,0.068,0.0862,0.0955,0.0255
153,Rodney Bullock,she/her,15.329,1,0.00305,0.3752,0.2053,0.0099,0.0811,0.0729,0.2556,0.4135,0.1928,0.0093,0.0761,0.0684,0.24
155,Arthur Walker,they/them,12.919,2,0.00299,0.3482,0.4207,0.038,0.105,0.0611,0.027,0.3686,0.4313,0.0329,0.091,0.0529,0.0234
135,Ricky Chen,he/him,15.91,1,0.00263,0.395,0.3488,0.0072,0.1505,0.0254,0.0731,0.4308,0.3282,0.0067,0.1416,0.0239,0.0688
82,Keith Lee,he/him,13.686,2,0.00261,0.446,0.3365,0.0612,0.065,0.05,0.0414,0.4529,0.3573,0.0534,0.0567,0.0436,0.0361
130,Eduardo Davis,he/him,21.089,1,0.00199,0.3332,0.4343,0.0456,0.0413,0.1216,0.024,0.3634,0.4147,0.0435,0.0394,0.1161,0.0229
