Name_From,Pronouns_From,Name_To,Pronouns_To
Jaime Ortiz,they/them,Amy Oliver,they/them
Jaime Ortiz,they/them,Gary Griffin,she/they
Jaime Ortiz,they/them,Wayne Thompson,she/her
Jaime Ortiz,they/them,Timothy Bowen,she/they
Dr. Michael Lopez,xe/xer,Wayne Thompson,she/her
Dr. Michael Lopez,xe/xer,Robert Terrell,xe/xer
Dr. Michael Lopez,xe/xer,Lisa Berry,he/they
Dr. Michael Lopez,xe/xer,Oscar Chavez,xe/xer
Dale Everett,she/they,Ashlee Campos,he/they
Dale Everett,she/they,Sara Gonzalez,he/they
Dale Everett,she/they,Nathaniel Fisher,they/them
Dale Everett,she/they,Ashley Flores,she/they
Dale Everett,she/they,Jamie Medina DDS,he/they
Keith Miller,he/they,Carol Jefferson,they/them
Keith Miller,he/they,Ricky Werner,he/him
Keith Miller,he/they,Melissa Barker,she/they
Keith Miller,he/they,Melissa Barker,she/they
Keith Miller,he/they,Megan Hoover,xe/xer
Miranda Lee,xe/xer,Nancy Swanson,she/her
Miranda Lee,xe/xer,Samantha Berry,he/him
Miranda Lee,xe/xer,Kimberly Kane,he/they
Miranda Lee,xe/xer,Lisa Wyatt,he/they
Christopher Moreno,she/her,Emily Allen,she/her
Christopher Moreno,she/her,Jennifer Ingram,they/them
Christopher Moreno,she/her,Andrew Garcia,she/her
Christopher Moreno,she/her,Diana Torres,she/they
Christopher Moreno,she/her,Anthony Crane,xe/xer
Matthew Soto,xe/xer,Christina Lewis,xe/xer
Matthew Soto,xe/xer,Richard Acosta,he/him
Matthew Soto,xe/xer,Natasha Lewis,she/her
Jeanne Fritz,xe/xer,Alexis Carter,xe/xer
Jeanne Fritz,xe/xer,Valerie Jones,he/they
Jeanne Fritz,xe/xer,Destiny Simon,they/them
Matthew Fields,she/they,Nancy Swanson,she/her
Matthew Fields,she/they,Albert George,she/they
Matthew Fields,she/they,Fernando Campbell,she/her
Matthew Fields,she/they,Hannah Chan,she/they
Matthew Fields,she/they,Natasha Lewis,she/her
Matthew Fields,she/they,Sarah Perez,he/they
Mary Lewis,she/they,Ashley Flores,she/they
Mary Lewis,she/they,Hannah Mitchell,she/her
Mary Lewis,she/they,Christopher Brown,she/her
Mary Lewis,she/they,Amy Jordan MD,she/her
Mary Lewis,she/they,Christopher Brown,she/her
Mary Lewis,she/they,Robin Cooke,he/they
Theresa Byrd,xe/xer,Matthew Soto,xe/xer
Theresa Byrd,xe/xer,Harold Campbell,she/they
Theresa Byrd,xe/xer,Ryan Burnett,he/they
Theresa Byrd,xe/xer,Alyssa Terry,xe/xer
Briana Anderson,she/they,Richard Johnson,she/her
Briana Anderson,she/they,Laura Jones,they/them
Briana Anderson,she/they,Caroline Lopez,she/they
Briana Anderson,she/they,Anna Wood,she/they
Briana Anderson,she/they,Keith Miller,he/they
Briana Anderson,she/they,Donna Cole DVM,he/they
Robert Burke,he/they,Timothy Bowen,she/they
Robert Burke,he/they,Gordon Jones,she/they
Robert Burke,he/they,Richard Mills,he/him
Robert Burke,he/they,Phillip Murphy MD,she/they
Robert Burke,he/they,Sarah Perez,he/they
Robert Burke,he/they,Christopher Ray,he/they
Albert George,she/they,Kimberly Little,she/her
Albert George,she/they,Joshua Elliott,he/they
Albert George,she/they,Kelly Henry,they/them
Albert George,she/they,Christopher Brown,she/her
Shelly Wilcox,xe/xer,Matthew Kelley,he/him
Shelly Wilcox,xe/xer,James Tran,she/they
Shelly Wilcox,xe/xer,Oscar Chavez,xe/xer
James Taylor,xe/xer,Nathaniel Fisher,they/them
James Taylor,xe/xer,Timothy Berry,they/them
James Taylor,xe/xer,Richard Johnson,she/her
Lisa Wyatt,he/they,Jared Mills,she/her
Lisa Wyatt,he/they,Shelly Wilcox,xe/xer
Lisa Wyatt,he/they,Karl Klein,he/they
Lisa Wyatt,he/they,Cheyenne Torres,he/him
Lisa Wyatt,he/they,Ryan Andrade,she/they
Albert Barton,xe/xer,Joanne Stone,they/them
Albert Barton,xe/xer,Zachary Espinoza,she/her
Albert Barton,xe/xer,Jimmy May,xe/xer
Andrew Garcia,she/her,Nancy Swanson,she/her
Andrew Garcia,she/her,Vicki Gonzalez,he/they
Andrew Garcia,she/her,Briana Anderson,she/they
Andrew Garcia,she/her,Crystal Frazier,she/they
Andrew Garcia,she/her,Jay Lee,she/her
Andrew Garcia,she/her,Jay Lee,she/her
Laura Jones,they/them,Timothy Bowen,she/they
Laura Jones,they/them,Scott Garcia,she/they
Laura Jones,they/them,William White,they/them
Laura Jones,they/them,Carlos House,she/they
Laura Jones,they/them,Erin Patel,she/her
Fernando Campbell,she/her,Thomas Hall,they/them
Fernando Campbell,she/her,Melissa Cabrera,he/they
Fernando Campbell,she/her,Michael Li Jr.,they/them
Fernando Campbell,she/her,Amber Smith,she/they
Fernando Campbell,she/her,Michael Baker,she/her
Christina Lewis,xe/xer,Matthew Soto,xe/xer
Christina Lewis,xe/xer,Samantha Berry,he/him
Christina Lewis,xe/xer,Richard Mills,he/him
Christina Lewis,xe/xer,David Sanchez,he/him
Christina Lewis,xe/xer,Pamela Taylor,he/they
Christina Lewis,xe/xer,Richard Acosta,he/him
Donna Dickerson,she/they,Elizabeth Jenkins,she/they
Donna Dickerson,she/they,Jesse Martinez,xe/xer
Donna Dickerson,she/they,Matthew Fields,she/they
Donna Dickerson,she/they,Daniel Matthews,she/they
Donna Dickerson,she/they,Scott Haynes,he/they
Donna Dickerson,she/they,Sheila David,xe/xer
Sarah Perez,he/they,Nathaniel Fisher,they/them
Sarah Perez,he/they,Daniel Obrien,he/him
Sarah Perez,he/they,Nathaniel Johnson,she/they
Tiffany Lewis,she/they,Thomas Hall,they/them
Tiffany Lewis,she/they,Robert Edwards,they/them
Tiffany Lewis,she/they,Ashlee Campos,he/they
Tiffany Lewis,she/they,Emily Allen,she/her
Tiffany Lewis,she/they,Alyssa Terry,xe/xer
Tiffany Lewis,she/they,Thomas Hall,they/them
Paul Saunders,he/they,Brittany Wilson,she/they
Paul Saunders,he/they,Samantha Berry,he/him
Paul Saunders,he/they,Edward Solis,she/they
Paul Saunders,he/they,Amy Jordan MD,she/her
Paul Saunders,he/they,Fernando Campbell,she/her
Paul Saunders,he/they,Joshua Elliott,he/they
Brianna Kelly,he/him,Laura Webb,she/her
Brianna Kelly,he/him,Robert Edwards,they/them
Brianna Kelly,he/him,Kelly Nelson,they/them
Brianna Kelly,he/him,Cheyenne Torres,he/him
Vicki Gonzalez,he/they,Daniel Matthews,she/they
Vicki Gonzalez,he/they,Tiffany Lewis,she/they
Vicki Gonzalez,he/they,William White,they/them
Andrea Hernandez,they/them,Jessica Wiley,she/her
Andrea Hernandez,they/them,David Sanchez,he/him
Andrea Hernandez,they/them,Jacob Burton,she/her
Andrea Hernandez,they/them,Sean Lopez,they/them
Andrea Hernandez,they/them,Lance Butler,she/they
Gloria Brown,they/them,Karen Adams,she/they
Gloria Brown,they/them,Molly Gilmore,xe/xer
Gloria Brown,they/them,Ryan Andrade,she/they
Gloria Brown,they/them,Richard Johnson,she/her
Gloria Brown,they/them,Carmen Howell,he/they
Gloria Brown,they/them,Anna Valdez,they/them
Mr. Randy Ryan DDS,xe/xer,Joshua Elliott,he/they
Mr. Randy Ryan DDS,xe/xer,Danielle Hoffman,xe/xer
Mr. Randy Ryan DDS,xe/xer,Michele Mitchell,she/her
Mr. Randy Ryan DDS,xe/xer,Kelly Henry,they/them
Mr. Randy Ryan DDS,xe/xer,Jared Mills,she/her
Katrina Lawrence,xe/xer,Karl Klein,he/they
Katrina Lawrence,xe/xer,David Young,she/they
Katrina Lawrence,xe/xer,Jennifer Harris,she/her
Sean Lopez,they/them,Diane Martinez,he/they
Sean Lopez,they/them,Teresa Smith,she/her
Sean Lopez,they/them,Jamie Medina DDS,he/they
Sean Lopez,they/them,Mr. Randy Ryan DDS,xe/xer
Sean Lopez,they/them,Bridget Garcia,he/they
Sean Lopez,they/them,Joanna Hanson,he/they
Theresa Contreras,he/him,Lindsay Combs,xe/xer
Theresa Contreras,he/him,Mark Thompson,xe/xer
Theresa Contreras,he/him,Sara Sanders,he/they
Theresa Contreras,he/him,Dana Webb,he/they
Robert Terry,she/her,Mary Lewis,she/they
Robert Terry,she/her,Walter Coleman,she/her
Robert Terry,she/her,Brian Myers,they/them
Robert Terry,she/her,Leslie Miller,they/them
Robert Terry,she/her,Ashley Flores,she/they
Robert Terry,she/her,Keith Miller,he/they
Terry Rosales,they/them,Laura Jones,they/them
Terry Rosales,they/them,Theresa Contreras,he/him
Terry Rosales,they/them,Jennifer Morales,she/they
Terry Rosales,they/them,Laura Webb,she/her
Ryan Andrade,she/they,Matthew Bradley,she/her
Ryan Andrade,she/they,David Young,she/they
Ryan Andrade,she/they,Sherri Spencer,he/they
Eugene Harris,he/him,Carmen Howell,he/they
Eugene Harris,he/him,Richard Acosta,he/him
Eugene Harris,he/him,David Sanchez,he/him
Eugene Harris,he/him,Robert Terrell,xe/xer
Rachel Perez,he/they,Beth Duran,he/they
Rachel Perez,he/they,Melissa Brown,she/they
Rachel Perez,he/they,Kelly Henry,they/them
Hannah Chan,she/they,Joanna Hanson,he/they
Hannah Chan,she/they,Ellen Owens,she/they
Hannah Chan,she/they,Erin Patel,she/her
Hannah Chan,she/they,Tara Davidson,they/them
Hannah Chan,she/they,Sabrina Gallegos,she/her
Hannah Chan,she/they,Briana Anderson,she/they
Jonathan Carey,he/him,Jaime Ortiz,they/them
Jonathan Carey,he/him,Richard Acosta,he/him
Jonathan Carey,he/him,Joseph Patel,he/him
Jonathan Carey,he/him,Mitchell Taylor,xe/xer
Jennifer Riddle,she/they,Dominique Harris,they/them
Jennifer Riddle,she/they,Robert Edwards,they/them
Jennifer Riddle,she/they,Diane Green,he/they
Jennifer Riddle,she/they,Anna Wood,she/they
Jennifer Riddle,she/they,Valerie Jones,he/they
Jennifer Riddle,she/they,Keith Miller,he/they
Terry Martin,he/him,Carmen Howell,he/they
Terry Martin,he/him,Sean Lopez,they/them
Terry Martin,he/him,Travis Snow,they/them
Jay James,xe/xer,John Sutton,xe/xer
Jay James,xe/xer,Phillip Murphy MD,she/they
Jay James,xe/xer,James Taylor,xe/xer
Jay James,xe/xer,Robert Terrell,xe/xer
Joseph Patel,he/him,Aaron Ross,they/them
Joseph Patel,he/him,Anna Wood,she/they
Joseph Patel,he/him,Kathy Stevens,he/him
Joseph Patel,he/him,Miguel May,she/they
Joseph Patel,he/him,Connie Moore,he/they
Kathleen Byrd,xe/xer,Marco Ford,xe/xer
Kathleen Byrd,xe/xer,Robert Martinez,he/they
Kathleen Byrd,xe/xer,Michael Baker,she/her
Kathleen Byrd,xe/xer,Michael Baldwin,he/him
Kathleen Byrd,xe/xer,Julie Brooks,she/her
Kathleen Byrd,xe/xer,Erin Patel,she/her
Amanda Vargas,he/they,Daniel Matthews,she/they
Amanda Vargas,he/they,John Thomas,he/him
Amanda Vargas,he/they,Donna Mcclure,she/they
Amanda Vargas,he/they,Amy Oliver,they/them
Amanda Vargas,he/they,Robyn Moore,he/they
Harold Campbell,she/they,Kathleen Butler,he/they
Harold Campbell,she/they,Robert Martinez,he/they
Harold Campbell,she/they,Anna Valdez,they/them
Harold Campbell,she/they,Amy Oliver,they/them
Harold Campbell,she/they,Abigail Harmon,they/them
Michael Baldwin,he/him,Kristy Carr,she/her
Michael Baldwin,he/him,Howard Phillips,they/them
Michael Baldwin,he/him,Sherri Spencer,he/they
Michael Baldwin,he/him,Scott Haynes,he/they
Michael Baldwin,he/him,Tiffany Lewis,she/they
Michael Baldwin,he/him,Robert Rivera,he/him
Lindsay Combs,xe/xer,Cheyenne Torres,he/him
Lindsay Combs,xe/xer,Amanda Vargas,he/they
Lindsay Combs,xe/xer,Matthew Kelley,he/him
Lindsay Combs,xe/xer,Michael Baker,she/her
Lindsay Combs,xe/xer,Emily Collins,xe/xer
Lindsay Combs,xe/xer,Beth Duran,he/they
Dr. Erin Dillon,they/them,Chad Perez,she/they
Dr. Erin Dillon,they/them,Matthew Bradley,she/her
Dr. Erin Dillon,they/them,Cynthia Webb,they/them
Lucas Parker,she/her,Michele Mitchell,she/her
Lucas Parker,she/her,Timothy Bowen,she/they
Lucas Parker,she/her,Jay James,xe/xer
Travis Snow,they/them,Daniel Matthews,she/they
Travis Snow,they/them,Debbie Evans,she/her
Travis Snow,they/them,Crystal Frazier,she/they
Travis Snow,they/them,Albert Barton,xe/xer
Edward Solis,she/they,Jerry Sharp,she/her
Edward Solis,she/they,Corey Lopez,she/her
Edward Solis,she/they,Ryan Andrade,she/they
Christopher Brown,she/her,Brandon Nelson,they/them
Christopher Brown,she/her,Amber Smith,she/they
Christopher Brown,she/her,Jimmy May,xe/xer
Christopher Brown,she/her,Tyler Ortega,she/her
Robin Cooke,he/they,Jacob Burton,she/her
Robin Cooke,he/they,Gordon Jones,she/they
Robin Cooke,he/they,Michael Li Jr.,they/them
Robin Cooke,he/they,Jamie Medina DDS,he/they
Mitchell Taylor,xe/xer,Ashley Flores,she/they
Mitchell Taylor,xe/xer,Molly Gilmore,xe/xer
Mitchell Taylor,xe/xer,Beth Duran,he/they
Mitchell Taylor,xe/xer,Destiny Simon,they/them
Mitchell Taylor,xe/xer,Joshua Owens,she/they
Tammy Dixon,he/they,Jennifer Bradley,he/him
Tammy Dixon,he/they,James Sharp,he/him
Tammy Dixon,he/they,Diane Green,he/they
Beth Duran,he/they,David Wilson,he/him
Beth Duran,he/they,Mark Thompson,xe/xer
Beth Duran,he/they,Jose Alexander,he/him
Beth Duran,he/they,Lisa Wyatt,he/they
Beth Duran,he/they,Jennifer Riddle,she/they
Beth Duran,he/they,Marco Ford,xe/xer
Nathaniel Johnson,she/they,Jillian Hall,they/them
Nathaniel Johnson,she/they,Melanie Garcia,xe/xer
Nathaniel Johnson,she/they,Diane Martinez,he/they
Brandon Nelson,they/them,Kelly Rivera,he/him
Brandon Nelson,they/them,Robin Cooke,he/they
Brandon Nelson,they/them,Dale Everett,she/they
Alexis Carter,xe/xer,Sean Lopez,they/them
Alexis Carter,xe/xer,Megan Hoover,xe/xer
Alexis Carter,xe/xer,Lisa Berry,he/they
Alexis Carter,xe/xer,Valerie Jones,he/they
Alexis Carter,xe/xer,Benjamin Duran,xe/xer
Anna Wood,she/they,Robert Terry,she/her
Anna Wood,she/they,Albert George,she/they
Anna Wood,she/they,Carlos House,she/they
Nathaniel Fisher,they/them,Mrs. Brandy Mitchell MD,she/they
Nathaniel Fisher,they/them,Ricky Werner,he/him
Nathaniel Fisher,they/them,Lisa Young,she/they
Nathaniel Fisher,they/them,Julie Macdonald DVM,she/her
Nathaniel Fisher,they/them,Sara Gonzalez,he/they
Carla Lucas,she/they,Cheryl Perry,she/her
Carla Lucas,she/they,Amy Whitehead,xe/xer
Carla Lucas,she/they,Steven Anderson,he/him
Carla Lucas,she/they,Howard Phillips,they/them
Carla Lucas,she/they,Gloria Brown,they/them
Carla Lucas,she/they,Mrs. Brandy Mitchell MD,she/they
Caroline Lopez,she/they,Joshua Owens,she/they
Caroline Lopez,she/they,Connie Moore,he/they
Caroline Lopez,she/they,Dr. Erin Dillon,they/them
Caroline Lopez,she/they,Anna Valdez,they/them
Molly Gilmore,xe/xer,Nathan Reynolds,he/him
Molly Gilmore,xe/xer,Howard Phillips,they/them
Molly Gilmore,xe/xer,Mrs. Brandy Mitchell MD,she/they
Molly Gilmore,xe/xer,David Sanchez,he/him
Molly Gilmore,xe/xer,Megan Hoover,xe/xer
Molly Gilmore,xe/xer,Brianna Kelly,he/him
Anna Valdez,they/them,Shelly Wilcox,xe/xer
Anna Valdez,they/them,Dr. Erin Dillon,they/them
Anna Valdez,they/them,Timothy Berry,they/them
Anna Valdez,they/them,Joshua Owens,she/they
Kristy Carr,she/her,Daniel Matthews,she/they
Kristy Carr,she/her,Ashley Carlson,he/him
Kristy Carr,she/her,Mary Lewis,she/they
Theresa Black,she/they,Diane Martinez,he/they
Theresa Black,she/they,Kimberly Kane,he/they
Theresa Black,she/they,Donna Mcclure,she/they
Theresa Black,she/they,Laura Jones,they/them
Leslie Miller,they/them,Dawn Williams,they/them
Leslie Miller,they/them,Ashley Palmer,she/they
Leslie Miller,they/them,Joshua Elliott,he/they
Leslie Miller,they/them,Emily Allen,she/her
Leslie Miller,they/them,Robert Martinez,he/they
Lisa Berry,he/they,Carrie Williams,she/her
Lisa Berry,he/they,Kimberly Kane,he/they
Lisa Berry,he/they,Lisa Young,she/they
Lisa Berry,he/they,Carol Jefferson,they/them
Lisa Berry,he/they,Benjamin Russo,she/her
Lisa Berry,he/they,Nathaniel Fisher,they/them
Christopher James,she/they,Donna Wells,he/him
Christopher James,she/they,Pamela Taylor,he/they
Christopher James,she/they,Lisa Stevens,he/him
Christopher James,she/they,Mary Buckley,she/her
Lisa Stevens,he/him,Nancy Swanson,she/her
Lisa Stevens,he/him,James Sharp,he/him
Lisa Stevens,he/him,Kimberly Kane,he/they
Lisa Stevens,he/him,Alexis Carter,xe/xer
Lisa Stevens,he/him,Richard Acosta,he/him
Diana Torres,she/they,Robert Burke,he/they
Diana Torres,she/they,Amy Oliver,they/them
Diana Torres,she/they,Maurice Vincent,xe/xer
Diana Torres,she/they,Theresa Contreras,he/him
Jennifer Bradley,he/him,Vicki Gonzalez,he/they
Jennifer Bradley,he/him,Chad Perez,she/they
Jennifer Bradley,he/him,Richard Mills,he/him
Jennifer Bradley,he/him,Amber Smith,she/they
Zachary Espinoza,she/her,Kristy Carr,she/her
Zachary Espinoza,she/her,Lisa Stevens,he/him
Zachary Espinoza,she/her,Teresa Smith,she/her
Zachary Espinoza,she/her,Lucas Parker,she/her
Emily Thomas,xe/xer,Gloria Brown,they/them
Emily Thomas,xe/xer,Kathryn Scott,they/them
Emily Thomas,xe/xer,Keith Miller,he/they
Emily Thomas,xe/xer,Heidi Liu,she/they
Cynthia Brown,she/her,Nathaniel Johnson,she/they
Cynthia Brown,she/her,Carlos House,she/they
Cynthia Brown,she/her,Brenda Kirk,he/him
Cynthia Brown,she/her,Morgan Jones,he/him
Cynthia Brown,she/her,Amanda Moore,she/they
Amy Oliver,they/them,Lindsay Hamilton,he/him
Amy Oliver,they/them,Melissa Perez,he/they
Amy Oliver,they/them,Michael Li Jr.,they/them
Michael Farmer,she/her,Amy Jordan MD,she/her
Michael Farmer,she/her,Kimberly Kane,he/they
Michael Farmer,she/her,Zachary Espinoza,she/her
Michael Farmer,she/her,Donna Mcclure,she/they
Danielle Hoffman,xe/xer,Barbara Smith,xe/xer
Danielle Hoffman,xe/xer,Morgan Jones,he/him
Danielle Hoffman,xe/xer,Jay James,xe/xer
Danielle Hoffman,xe/xer,Cheryl Perry,she/her
Danielle Hoffman,xe/xer,Carla Lucas,she/they
Danielle Hoffman,xe/xer,Destiny Simon,they/them
Heidi Liu,she/they,Michele Mitchell,she/her
Heidi Liu,she/they,Brandon Nelson,they/them
Heidi Liu,she/they,Mr. Douglas Wagner MD,xe/xer
Janice Hicks,they/them,Gary Griffin,she/they
Janice Hicks,they/them,Mrs. Brandy Mitchell MD,she/they
Janice Hicks,they/them,Caroline Lopez,she/they
Robert Rogers,she/her,Edward Solis,she/they
Robert Rogers,she/her,Heidi Liu,she/they
Robert Rogers,she/her,Janice Hicks,they/them
Robert Rogers,she/her,Carlos House,she/they
Robert Rogers,she/her,Robert Edwards,they/them
Timothy Berry,they/them,Carmen Howell,he/they
Timothy Berry,they/them,Joanne Stone,they/them
Timothy Berry,they/them,Corey Lopez,she/her
Dominique Harris,they/them,Howard Phillips,they/them
Dominique Harris,they/them,Robin Cooke,he/they
Dominique Harris,they/them,James Sharp,he/him
Dominique Harris,they/them,Karen Warner,xe/xer
Dominique Harris,they/them,Joseph Gonzalez,he/they
Karen Davis,xe/xer,Pamela Taylor,he/they
Karen Davis,xe/xer,Mitchell Taylor,xe/xer
Karen Davis,xe/xer,Kimberly Little,she/her
Karen Davis,xe/xer,Daniel Obrien,he/him
Karen Davis,xe/xer,Brian Mullins,xe/xer
Karen Davis,xe/xer,Gloria Brown,they/them
Hannah Mitchell,she/her,Shelly Wilcox,xe/xer
Hannah Mitchell,she/her,Brandon Nelson,they/them
Hannah Mitchell,she/her,Ryan Villa,she/her
Hannah Mitchell,she/her,Jennifer Bradley,he/him
Hannah Mitchell,she/her,Chad Perez,she/they
Timothy Pittman,she/they,David Wilson,he/him
Timothy Pittman,she/they,Jacob Burton,she/her
Timothy Pittman,she/they,Ricky Werner,he/him
Timothy Pittman,she/they,Jennifer Harris,she/her
Melissa Cabrera,he/they,Lance Butler,she/they
Melissa Cabrera,he/they,Gloria Brown,they/them
Melissa Cabrera,he/they,Christopher Estrada,he/they
Melissa Cabrera,he/they,Wayne Thompson,she/her
Melissa Cabrera,he/they,Albert George,she/they
Melissa Cabrera,he/they,Erik Roberson,she/they
Abigail Harmon,they/them,Michael Baker,she/her
Abigail Harmon,they/them,Jillian Hall,they/them
Abigail Harmon,they/them,Lisa Le,xe/xer
Abigail Harmon,they/them,Tammy Dixon,he/they
Abigail Harmon,they/them,David Sanchez,he/him
Diane Green,he/they,Donna Cole DVM,he/they
Diane Green,he/they,Katherine Graves,he/him
Diane Green,he/they,Christopher Ray,he/they
Diane Green,he/they,Kathleen Butler,he/they
Erik Roberson,she/they,Sara Gonzalez,he/they
Erik Roberson,she/they,Karen Warner,xe/xer
Erik Roberson,she/they,Heidi Liu,she/they
Joanne Stone,they/them,Stephanie Bailey,she/they
Joanne Stone,they/them,Sara Gonzalez,he/they
Joanne Stone,they/them,Amber Smith,she/they
Tyler Shaw,he/they,Howard Phillips,they/them
Tyler Shaw,he/they,Jade Smith,he/they
Tyler Shaw,he/they,Jennifer Anderson,they/them
Tyler Shaw,he/they,Howard Phillips,they/them
Tyler Shaw,he/they,Robin Cooke,he/they
Laura Peters,she/her,Laura Jones,they/them
Laura Peters,she/her,Lucas Parker,she/her
Laura Peters,she/her,Betty Wilcox,xe/xer
Laura Peters,she/her,Erik Roberson,she/they
Laura Peters,she/her,Oscar Chavez,xe/xer
Laura Peters,she/her,Natasha Lewis,she/her
Julie Brooks,she/her,Diane Martinez,he/they
Julie Brooks,she/her,Jeanne Fritz,xe/xer
Julie Brooks,she/her,Debbie Evans,she/her
Robin Schneider,he/him,Joshua Owens,she/they
Robin Schneider,he/him,Tyler Shaw,he/they
Robin Schneider,he/him,Amy Oliver,they/them
Robin Schneider,he/him,Joshua Elliott,he/they
Mia Carroll,xe/xer,James Taylor,xe/xer
Mia Carroll,xe/xer,Oscar Chavez,xe/xer
Mia Carroll,xe/xer,Shelly Wilcox,xe/xer
Mia Carroll,xe/xer,Timothy Berry,they/them
Mia Carroll,xe/xer,Robert Terry,she/her
Michael Li Jr.,they/them,Diana Torres,she/they
Michael Li Jr.,they/them,Mitchell Taylor,xe/xer
Michael Li Jr.,they/them,Robert Edwards,they/them
Jesse Richard,she/they,Ellen Owens,she/they
Jesse Richard,she/they,Diane Martinez,he/they
Jesse Richard,she/they,Theresa Black,she/they
Jesse Richard,she/they,Carla Farmer,xe/xer
Jesse Richard,she/they,Thomas Hall,they/them
Jesse Richard,she/they,Melissa Perez,he/they
Andrea Davis,he/him,Alyssa Terry,xe/xer
Andrea Davis,he/him,Christopher Estrada,he/they
Andrea Davis,he/him,Betty Wilcox,xe/xer
Andrea Davis,he/him,Theresa Contreras,he/him
Andrea Davis,he/him,Robert Burke,he/they
Donna Wells,he/him,Diane Martinez,he/they
Donna Wells,he/him,Jade Smith,he/they
Donna Wells,he/him,Marco Ford,xe/xer
Donna Wells,he/him,Jay James,xe/xer
Kimberly Little,she/her,Mrs. Brandy Mitchell MD,she/they
Kimberly Little,she/her,Amy Oliver,they/them
Kimberly Little,she/her,Daniel Matthews,she/they
Kimberly Little,she/her,Mary Lewis,she/they
Kimberly Little,she/her,Daniel Obrien,he/him
Betty Wilcox,xe/xer,William Wallace,they/them
Betty Wilcox,xe/xer,Donald Jordan,she/her
Betty Wilcox,xe/xer,Carmen Howell,he/they
Betty Wilcox,xe/xer,David Carter MD,he/him
Betty Wilcox,xe/xer,Cheyenne Torres,he/him
Donald Jordan,she/her,Samantha Berry,he/him
Donald Jordan,she/her,Carmen Howell,he/they
Donald Jordan,she/her,Mitchell Taylor,xe/xer
Donald Jordan,she/her,Mitchell Taylor,xe/xer
Richard Johnson,she/her,Kelly Henry,they/them
Richard Johnson,she/her,John Garcia,she/her
Richard Johnson,she/her,Mr. Douglas Wagner MD,xe/xer
Cheryl Perry,she/her,Ashley Palmer,she/they
Cheryl Perry,she/her,Philip Weber,xe/xer
Cheryl Perry,she/her,Robert Martinez,he/they
Cheryl Perry,she/her,David Carter MD,he/him
Cheryl Perry,she/her,Tiffany Lewis,she/they
Cheryl Perry,she/her,Mark Thompson,xe/xer
Jill Jones,he/him,Briana Anderson,she/they
Jill Jones,he/him,Cheryl Perry,she/her
Jill Jones,he/him,Laura Webb,she/her
Jill Jones,he/him,Karen Adams,she/they
Jill Jones,he/him,Sara Sanders,he/they
Jill Jones,he/him,John Garcia,they/them
Morgan Jones,he/him,Rachel Perez,he/they
Morgan Jones,he/him,Lindsay Combs,xe/xer
Morgan Jones,he/him,Howard Phillips,they/them
Morgan Jones,he/him,Debra Copeland,he/they
Morgan Jones,he/him,Mariah Nelson,she/they
Morgan Jones,he/him,Anthony Crane,xe/xer
John Thomas,he/him,Rachel Cox,xe/xer
John Thomas,he/him,Carla Farmer,xe/xer
John Thomas,he/him,Richard Jones,he/him
John Thomas,he/him,Brenda Kirk,he/him
Marissa Jones,they/them,Keith Miller,he/they
Marissa Jones,they/them,Karen Adams,she/they
Marissa Jones,they/them,Theresa Byrd,xe/xer
Gary Griffin,she/they,Samantha Berry,he/him
Gary Griffin,she/they,Julie Ochoa,she/they
Gary Griffin,she/they,Carlos House,she/they
Gary Griffin,she/they,Heidi Liu,she/they
Gary Griffin,she/they,Diana Torres,she/they
Chad Perez,she/they,Beth Duran,he/they
Chad Perez,she/they,Bridget Garcia,he/they
Chad Perez,she/they,Lisa Young,she/they
Chad Perez,she/they,Timothy Bowen,she/they
Chad Perez,she/they,Lisa Young,she/they
Valerie Jones,he/they,Sean Lopez,they/them
Valerie Jones,he/they,Joanne Stone,they/them
Valerie Jones,he/they,David Wilson,he/him
Valerie Jones,he/they,Robin Schneider,he/him
Valerie Jones,he/they,David Carter MD,he/him
Ellen Owens,she/they,Robert Martinez,he/they
Ellen Owens,she/they,Amanda Vargas,he/they
Ellen Owens,she/they,Jillian Hall,they/them
Ellen Owens,she/they,Jaime Ortiz,they/them
Ashley Palmer,she/they,Brian Mullins,xe/xer
Ashley Palmer,she/they,Robert Terry,she/her
Ashley Palmer,she/they,Bridget Garcia,he/they
Ashley Palmer,she/they,Jesse Richard,she/they
Ashley Palmer,she/they,Melissa Barker,she/they
Joshua Owens,she/they,Gordon Jones,she/they
Joshua Owens,she/they,Fernando Campbell,she/her
Joshua Owens,she/they,Aaron Ross,they/them
Joshua Owens,she/they,Mariah Nelson,she/they
Joshua Owens,she/they,Chad Perez,she/they
Joshua Owens,she/they,Dr. Michael Lopez,xe/xer
Veronica Davis,xe/xer,Judith Hopkins,xe/xer
Veronica Davis,xe/xer,Richard Harper,he/him
Veronica Davis,xe/xer,Kimberly Kane,he/they
Veronica Davis,xe/xer,Matthew Soto,xe/xer
Veronica Davis,xe/xer,Amy Garcia,they/them
Carla Farmer,xe/xer,Erik Roberson,she/they
Carla Farmer,xe/xer,Veronica Davis,xe/xer
Carla Farmer,xe/xer,Melanie Garcia,xe/xer
Carla Farmer,xe/xer,Emily Thomas,xe/xer
Carla Farmer,xe/xer,Fernando Campbell,she/her
Laura Webb,she/her,Carla Lucas,she/they
Laura Webb,she/her,Jay Lee,she/her
Laura Webb,she/her,Michael Baldwin,he/him
Laura Webb,she/her,Christopher Brown,she/her
Laura Webb,she/her,Mariah Nelson,she/they
Steven Anderson,he/him,Angela Hinton,he/him
Steven Anderson,he/him,Wayne Thompson,she/her
Steven Anderson,he/him,Jerry Sharp,she/her
Steven Anderson,he/him,Robyn Moore,he/they
Steven Anderson,he/him,Tara Davidson,they/them
Steven Anderson,he/him,Brittany King,he/him
Phillip Murphy MD,she/they,Donald Jordan,she/her
Phillip Murphy MD,she/they,Amy Jordan MD,she/her
Phillip Murphy MD,she/they,Edward Solis,she/they
Ashley Carlson,he/him,Donna Wells,he/him
Ashley Carlson,he/him,Sherri Spencer,he/they
Ashley Carlson,he/him,Jared Mills,she/her
Ashley Carlson,he/him,Nathan Reynolds,he/him
Matthew Rodriguez,she/her,Ryan Andrade,she/they
Matthew Rodriguez,she/her,Laura Webb,she/her
Matthew Rodriguez,she/her,Mariah Nelson,she/they
Matthew Rodriguez,she/her,John Garcia,they/them
Matthew Rodriguez,she/her,Melissa Perez,he/they
Matthew Rodriguez,she/her,Sarah Perez,he/they
Jared Mills,she/her,Jennifer Riddle,she/they
Jared Mills,she/her,Diana Torres,she/they
Jared Mills,she/her,Michele Mitchell,she/her
Dawn Williams,they/them,Scott Haynes,he/they
Dawn Williams,they/them,Robert Edwards,they/them
Dawn Williams,they/them,Jesse Martinez,xe/xer
Dawn Williams,they/them,Andrea Hernandez,they/them
Dawn Williams,they/them,Theresa Black,she/they
Ashlee Campos,he/they,Carlos House,she/they
Ashlee Campos,he/they,Anthony Wilson,he/him
Ashlee Campos,he/they,Kathleen Byrd,xe/xer
Ashlee Campos,he/they,Sara Sanders,he/they
Ashlee Campos,he/they,Vicki Gonzalez,he/they
Ashlee Campos,he/they,Kelly Nelson,they/them
Melissa Brown,she/they,Daniel Matthews,she/they
Melissa Brown,she/they,Mary Buckley,she/her
Melissa Brown,she/they,Karen Warner,xe/xer
Melissa Brown,she/they,Karen Adams,she/they
Melissa Brown,she/they,Debra Copeland,he/they
Sara Gonzalez,he/they,Jennifer Riddle,she/they
Sara Gonzalez,he/they,Laura Jones,they/them
Sara Gonzalez,he/they,Amy Garcia,they/them
Sara Gonzalez,he/they,Barbara Smith,xe/xer
Sara Gonzalez,he/they,David Carter MD,he/him
Sara Gonzalez,he/they,Robin Cooke,he/they
Brenda Kirk,he/him,Richard Mills,he/him
Brenda Kirk,he/him,Richard Mills,he/him
Brenda Kirk,he/him,David Carter MD,he/him
Brenda Kirk,he/him,Ricky Werner,he/him
Kathleen Butler,he/they,Melissa Brown,she/they
Kathleen Butler,he/they,Natasha Lewis,she/her
Kathleen Butler,he/they,Katelyn Coffey,they/them
Kathleen Butler,he/they,Melissa Brown,she/they
Stephanie Bailey,she/they,Gordon Jones,she/they
Stephanie Bailey,she/they,Lance Butler,she/they
Stephanie Bailey,she/they,Joshua Elliott,he/they
Stephanie Bailey,she/they,Anthony Crane,xe/xer
Stephanie Bailey,she/they,Donald Nolan,she/her
Jeffrey Mooney,xe/xer,Timothy Pittman,she/they
Jeffrey Mooney,xe/xer,Jade Smith,he/they
Jeffrey Mooney,xe/xer,Anthony Wilson,he/him
Jeffrey Mooney,xe/xer,Heidi Liu,she/they
Donald Nolan,she/her,Crystal Frazier,she/they
Donald Nolan,she/her,Jacob Burton,she/her
Donald Nolan,she/her,Jesse Richard,she/they
Donald Nolan,she/her,Marissa Jones,they/them
Donald Nolan,she/her,Karen Warner,xe/xer
Donald Nolan,she/her,Mr. Randy Ryan DDS,xe/xer
Emily Allen,she/her,Scott Haynes,he/they
Emily Allen,she/her,Daniel Walker,he/they
Emily Allen,she/her,Michael Baker,she/her
Emily Allen,she/her,Robert Terrell,xe/xer
Jennifer Anderson,they/them,Erin Patel,she/her
Jennifer Anderson,they/them,Crystal Frazier,she/they
Jennifer Anderson,they/them,Brittany Wilson,she/they
Jennifer Anderson,they/them,Richard Harper,he/him
Jennifer Anderson,they/them,Philip Weber,xe/xer
Jennifer Anderson,they/them,Eric Harris,he/they
Jesse Martinez,xe/xer,Barbara Smith,xe/xer
Jesse Martinez,xe/xer,Julie Brooks,she/her
Jesse Martinez,xe/xer,Mitchell Taylor,xe/xer
Jesse Martinez,xe/xer,Lisa Le,xe/xer
Jesse Martinez,xe/xer,Mr. Randy Ryan DDS,xe/xer
Jessica Wright,he/him,Robin Schneider,he/him
Jessica Wright,he/him,Karl Klein,he/they
Jessica Wright,he/him,Stephanie Bailey,she/they
Tyler Ortega,she/her,Alexis Carter,xe/xer
Tyler Ortega,she/her,Amy Garcia,they/them
Tyler Ortega,she/her,Julie Macdonald DVM,she/her
Eric Harris,he/they,Diane Green,he/they
Eric Harris,he/they,Brianna Kelly,he/him
Eric Harris,he/they,Joshua Owens,she/they
Eric Harris,he/they,Travis Snow,they/them
Eric Harris,he/they,Paul Saunders,he/they
Eric Harris,he/they,Dawn Williams,they/them
Karen Warner,xe/xer,Judith Hopkins,xe/xer
Karen Warner,xe/xer,Ashley Palmer,she/they
Karen Warner,xe/xer,Briana Anderson,she/they
Karen Warner,xe/xer,Barry Harris,xe/xer
Ricky Werner,he/him,Richard Johnson,she/her
Ricky Werner,he/him,Scott Haynes,he/they
Ricky Werner,he/him,Joanna Hanson,he/they
Teresa Smith,she/her,Lisa Stevens,he/him
Teresa Smith,she/her,David Wilson,he/him
Teresa Smith,she/her,Katrina Lawrence,xe/xer
Teresa Smith,she/her,Aaron Ross,they/them
Teresa Smith,she/her,Ryan Villa,she/her
Teresa Smith,she/her,Jessica Wiley,she/her
Wayne Thompson,she/her,Christopher Moreno,she/her
Wayne Thompson,she/her,Erin Patel,she/her
Wayne Thompson,she/her,Maurice Vincent,xe/xer
Wayne Thompson,she/her,Oscar Chavez,xe/xer
Barry Harris,xe/xer,James Tran,she/they
Barry Harris,xe/xer,Edward Solis,she/they
Barry Harris,xe/xer,Brianna Kelly,he/him
Barry Harris,xe/xer,Jay James,xe/xer
Diane Martinez,he/they,Sarah Wiggins,they/them
Diane Martinez,he/they,Mariah Nelson,she/they
Diane Martinez,he/they,David Carter MD,he/him
Diane Martinez,he/they,James Sharp,he/him
Diane Martinez,he/they,Lindsay Hamilton,he/him
Jacob Burton,she/her,Aaron Ross,they/them
Jacob Burton,she/her,Hannah Mitchell,she/her
Jacob Burton,she/her,Richard Harper,he/him
Jacob Burton,she/her,Fernando Campbell,she/her
Jacob Burton,she/her,Matthew Fields,she/they
James Tran,she/they,Laura Peters,she/her
James Tran,she/they,Ryan Burnett,he/they
James Tran,she/they,Jade Smith,he/they
James Tran,she/they,Donna Mcclure,she/they
James Tran,she/they,Phillip Murphy MD,she/they
James Tran,she/they,Erik Roberson,she/they
Katherine Graves,he/him,Joshua Elliott,he/they
Katherine Graves,he/him,Christopher Brown,she/her
Katherine Graves,he/him,Sara Sanders,he/they
Katherine Graves,he/him,Scott Haynes,he/they
Melissa Perez,he/they,Miguel May,she/they
Melissa Perez,he/they,Dominique Harris,they/them
Melissa Perez,he/they,Cynthia Webb,they/them
Melissa Perez,he/they,Howard Phillips,they/them
Richard Acosta,he/him,Donna Mcclure,she/they
Richard Acosta,he/him,Corey Lopez,she/her
Richard Acosta,he/him,Robin Schneider,he/him
Richard Acosta,he/him,Melissa Barker,she/they
Nancy Swanson,she/her,Carrie Williams,she/her
Nancy Swanson,she/her,Timothy Berry,they/them
Nancy Swanson,she/her,Lisa Young,she/they
Kathleen Gonzalez,she/her,Rachel Cox,xe/xer
Kathleen Gonzalez,she/her,Christopher Estrada,he/they
Kathleen Gonzalez,she/her,Mark Thompson,xe/xer
Kathleen Gonzalez,she/her,Ryan Villa,she/her
Kathleen Gonzalez,she/her,Courtney Conrad,she/her
Kathleen Gonzalez,she/her,Jaime Ortiz,they/them
Christopher Ray,he/they,Brianna Kelly,he/him
Christopher Ray,he/they,Dr. Michael Lopez,xe/xer
Christopher Ray,he/they,Theresa Black,she/they
Christopher Ray,he/they,Brian Myers,they/them
Carrie Williams,she/her,Gordon Jones,she/they
Carrie Williams,she/her,Harold Campbell,she/they
Carrie Williams,she/her,Donna Mcclure,she/they
Brittany Wilson,she/they,Jesse Richard,she/they
Brittany Wilson,she/they,Corey Lopez,she/her
Brittany Wilson,she/they,Marissa Jones,they/them
Brittany Wilson,she/they,Laura Peters,she/her
Michele Mitchell,she/her,Gordon Jones,she/they
Michele Mitchell,she/her,Shelly Wilcox,xe/xer
Michele Mitchell,she/her,Dana Hobbs,she/her
Donna Brown,she/her,Phillip Murphy MD,she/they
Donna Brown,she/her,Donald Jordan,she/her
Donna Brown,she/her,William White,they/them
Donna Brown,she/her,Connie Moore,he/they
Miguel May,she/they,Andrew Garcia,she/her
Miguel May,she/they,Kathy Stevens,he/him
Miguel May,she/they,Sarah Perez,he/they
Miguel May,she/they,Katrina Lawrence,xe/xer
Miguel May,she/they,Michael Baker,she/her
Miguel May,she/they,John Thomas,he/him
Julie Macdonald DVM,she/her,Anna Valdez,they/them
Julie Macdonald DVM,she/her,Dr. Michael Lopez,xe/xer
Julie Macdonald DVM,she/her,Kathleen Gonzalez,she/her
Julie Macdonald DVM,she/her,Fernando Campbell,she/her
Julie Macdonald DVM,she/her,Cheyenne Torres,he/him
Julie Macdonald DVM,she/her,Robert Terry,she/her
Oscar Chavez,xe/xer,Steven Anderson,he/him
Oscar Chavez,xe/xer,Alexis Carter,xe/xer
Oscar Chavez,xe/xer,Veronica Davis,xe/xer
Oscar Chavez,xe/xer,Sara Sanders,he/they
Oscar Chavez,xe/xer,Richard Acosta,he/him
Robyn Moore,he/they,Sarah Perez,he/they
Robyn Moore,he/they,Theresa Contreras,he/him
Robyn Moore,he/they,Matthew Soto,xe/xer
Robyn Moore,he/they,John Russell,she/her
Cynthia Webb,they/them,Travis Snow,they/them
Cynthia Webb,they/them,Tyler Ortega,she/her
Cynthia Webb,they/them,Gloria Brown,they/them
Karl Klein,he/they,Richard Mills,he/him
Karl Klein,he/they,Amber Smith,she/they
Karl Klein,he/they,Kelly Nelson,they/them
Karl Klein,he/they,Jacob Burton,she/her
Jessica Sanchez,she/they,Jillian Hall,they/them
Jessica Sanchez,she/they,Stephanie Bailey,she/they
Jessica Sanchez,she/they,Melissa Barker,she/they
Jessica Sanchez,she/they,Leslie Miller,they/them
Jessica Sanchez,she/they,Laura Peters,she/her
Jessica Sanchez,she/they,Julie Macdonald DVM,she/her
Sarah Wiggins,they/them,Joshua Elliott,he/they
Sarah Wiggins,they/them,Richard Ferguson,she/they
Sarah Wiggins,they/them,Joshua Owens,she/they
Sarah Wiggins,they/them,Amanda Moore,she/they
Sarah Wiggins,they/them,Mariah Nelson,she/they
Sarah Wiggins,they/them,Lisa Young,she/they
Kimberly Kane,he/they,Jennifer Anderson,they/them
Kimberly Kane,he/they,Lisa Young,she/they
Kimberly Kane,he/they,Julie Macdonald DVM,she/her
Kimberly Kane,he/they,Melissa Barker,she/they
Kimberly Kane,he/they,Debra Copeland,he/they
Kimberly Kane,he/they,Tammy Dixon,he/they
Robert Edwards,they/them,Ryan Andrade,she/they
Robert Edwards,they/them,Jerry Sharp,she/her
Robert Edwards,they/them,Debbie Evans,she/her
Robert Edwards,they/them,Nathaniel Fisher,they/them
Robert Edwards,they/them,Robin Cooke,he/they
Kathy Stevens,he/him,Debra Copeland,he/they
Kathy Stevens,he/him,Rachel Perez,he/they
Kathy Stevens,he/him,Robert Terrell,xe/xer
Kathy Stevens,he/him,Phillip Murphy MD,she/they
Kathy Stevens,he/him,Dana Hobbs,she/her
Alyssa Terry,xe/xer,Matthew Bradley,she/her
Alyssa Terry,xe/xer,Scott Haynes,he/they
Alyssa Terry,xe/xer,Lisa Berry,he/they
Alyssa Terry,xe/xer,Brian Mullins,xe/xer
Alyssa Terry,xe/xer,Mark Thompson,xe/xer
Courtney Conrad,she/her,Miguel May,she/they
Courtney Conrad,she/her,Jennifer Riddle,she/they
Courtney Conrad,she/her,Ricky Werner,he/him
Courtney Conrad,she/her,Julie Brooks,she/her
Courtney Conrad,she/her,Keith Miller,he/they
Courtney Conrad,she/her,Matthew Kelley,he/him
Nicole Griffith,she/her,Mariah Nelson,she/they
Nicole Griffith,she/her,Teresa Smith,she/her
Nicole Griffith,she/her,Andrew Garcia,she/her
Nicole Griffith,she/her,Jesse Martinez,xe/xer
Nicole Griffith,she/her,Fernando Campbell,she/her
Connie Moore,he/they,Richard Acosta,he/him
Connie Moore,he/they,Abigail Harmon,they/them
Connie Moore,he/they,Donna Mcclure,she/they
Connie Moore,he/they,Anthony Wilson,he/him
Connie Moore,he/they,Amy Garcia,they/them
Barbara Smith,xe/xer,Courtney Conrad,she/her
Barbara Smith,xe/xer,Lisa Le,xe/xer
Barbara Smith,xe/xer,Lindsay Combs,xe/xer
Barbara Smith,xe/xer,Terry Rosales,they/them
Barbara Smith,xe/xer,Oscar Chavez,xe/xer
William White,they/them,Jay James,xe/xer
William White,they/them,Cynthia Brown,she/her
William White,they/them,Michael Farmer,she/her
William White,they/them,Alyssa Terry,xe/xer
William White,they/them,Kelly Nelson,they/them
William White,they/them,Robert Burke,he/they
Rachel Cox,xe/xer,Melanie Garcia,xe/xer
Rachel Cox,xe/xer,Alexis Carter,xe/xer
Rachel Cox,xe/xer,Shelly Wilcox,xe/xer
Rachel Cox,xe/xer,Mr. Randy Ryan DDS,xe/xer
Joanna Hanson,he/they,Jillian Hall,they/them
Joanna Hanson,he/they,Melissa Perez,he/they
Joanna Hanson,he/they,Matthew Kelley,he/him
Joanna Hanson,he/they,Benjamin Duran,xe/xer
Joanna Hanson,he/they,Andrew Garcia,she/her
Joanna Hanson,he/they,Andrea Davis,he/him
Philip Weber,xe/xer,Oscar Chavez,xe/xer
Philip Weber,xe/xer,Courtney Conrad,she/her
Philip Weber,xe/xer,Mia Carroll,xe/xer
Philip Weber,xe/xer,Marco Ford,xe/xer
Philip Weber,xe/xer,Bridget Garcia,he/they
Philip Weber,xe/xer,Matthew Bradley,she/her
Madison Lara,she/her,Matthew Kelley,he/him
Madison Lara,she/her,Lucas Parker,she/her
Madison Lara,she/her,Kathleen Byrd,xe/xer
Madison Lara,she/her,Mrs. Brandy Mitchell MD,she/they
Madison Lara,she/her,Michele Mitchell,she/her
Mr. Douglas Wagner MD,xe/xer,Melanie Garcia,xe/xer
Mr. Douglas Wagner MD,xe/xer,Anthony Crane,xe/xer
Mr. Douglas Wagner MD,xe/xer,Kathryn Scott,they/them
Mr. Douglas Wagner MD,xe/xer,Michael Farmer,she/her
Mr. Douglas Wagner MD,xe/xer,Diane Green,he/they
Mr. Douglas Wagner MD,xe/xer,Fernando Campbell,she/her
April Duncan,she/they,Matthew Kelley,he/him
April Duncan,she/they,Ryan Andrade,she/they
April Duncan,she/they,Dominique Harris,they/them
April Duncan,she/they,Joanne Stone,they/them
April Duncan,she/they,Scott Haynes,he/they
Samantha Berry,he/him,Jessica Wright,he/him
Samantha Berry,he/him,Sara Gonzalez,he/they
Samantha Berry,he/him,James Sharp,he/him
Mrs. Brandy Mitchell MD,she/they,Debbie Evans,she/her
Mrs. Brandy Mitchell MD,she/they,Laura Webb,she/her
Mrs. Brandy Mitchell MD,she/they,Albert George,she/they
Mrs. Brandy Mitchell MD,she/they,Jill Jones,he/him
Mrs. Brandy Mitchell MD,she/they,Dana Webb,he/they
Mrs. Brandy Mitchell MD,she/they,John Garcia,they/them
Amy Garcia,they/them,Howard Phillips,they/them
Amy Garcia,they/them,Amanda Moore,she/they
Amy Garcia,they/them,Robert Martinez,he/they
Keith Cowan,he/him,Jamie Medina DDS,he/they
Keith Cowan,he/him,Nathan Reynolds,he/him
Keith Cowan,he/him,John Garcia,they/them
Brian Myers,they/them,Crystal Frazier,she/they
Brian Myers,they/them,Richard Ferguson,she/they
Brian Myers,they/them,Diana Torres,she/they
Brian Myers,they/them,Nicholas Johnson,she/they
Brian Myers,they/them,Marco Ford,xe/xer
Jose Alexander,he/him,Joanne Stone,they/them
Jose Alexander,he/him,Bobby Thomas,he/they
Jose Alexander,he/him,Theresa Contreras,he/him
Jose Alexander,he/him,Katelyn Coffey,they/them
Brian Mullins,xe/xer,Oscar Chavez,xe/xer
Brian Mullins,xe/xer,Keith Miller,he/they
Brian Mullins,xe/xer,Elizabeth Jenkins,she/they
Kathryn Scott,they/them,Gloria Brown,they/them
Kathryn Scott,they/them,Harold Campbell,she/they
Kathryn Scott,they/them,Sherri Spencer,he/they
Kathryn Scott,they/them,Christopher Ray,he/they
Kathryn Scott,they/them,Ashley Flores,she/they
Kathryn Scott,they/them,Jaime Ortiz,they/them
Robert Martinez,he/they,Theresa Black,she/they
Robert Martinez,he/they,Vicki Gonzalez,he/they
Robert Martinez,he/they,Carmen Howell,he/they
Amy Jordan MD,she/her,Jennifer Ingram,they/them
Amy Jordan MD,she/her,Cheryl Perry,she/her
Amy Jordan MD,she/her,Hannah Mitchell,she/her
Amy Jordan MD,she/her,Dana Hobbs,she/her
Amy Jordan MD,she/her,Karl Klein,he/they
Amy Jordan MD,she/her,Christopher Brown,she/her
Timothy Bowen,she/they,Mariah Nelson,she/they
Timothy Bowen,she/they,Julie Ochoa,she/they
Timothy Bowen,she/they,Lisa Le,xe/xer
Timothy Bowen,she/they,Destiny Simon,they/them
Timothy Bowen,she/they,Donald Jordan,she/her
Sheila David,xe/xer,Marco Ford,xe/xer
Sheila David,xe/xer,Bobby Thomas,he/they
Sheila David,xe/xer,Mary Lewis,she/they
Sheila David,xe/xer,Christopher Brown,she/her
Sheila David,xe/xer,Jose Alexander,he/him
Sheila David,xe/xer,Ian Warren,they/them
Joshua Elliott,he/they,John Russell,she/her
Joshua Elliott,he/they,Jennifer Morales,she/they
Joshua Elliott,he/they,Kathryn Scott,they/them
Joshua Elliott,he/they,Brian Myers,they/them
Anthony Wilson,he/him,Jennifer Anderson,they/them
Anthony Wilson,he/him,Robert Martinez,he/they
Anthony Wilson,he/him,Morgan Jones,he/him
Anthony Wilson,he/him,Andrea Davis,he/him
David Carter MD,he/him,Kathleen Gonzalez,she/her
David Carter MD,he/him,David Wilson,he/him
David Carter MD,he/him,Kathy Stevens,he/him
David Carter MD,he/him,Ashley Carlson,he/him
Lisa Le,xe/xer,Kathleen Gonzalez,she/her
Lisa Le,xe/xer,Brian Mullins,xe/xer
Lisa Le,xe/xer,Barry Harris,xe/xer
Lisa Le,xe/xer,Cynthia Brown,she/her
Lisa Le,xe/xer,Dr. Michael Lopez,xe/xer
Carlos House,she/they,Aaron Ross,they/them
Carlos House,she/they,Heidi Liu,she/they
Carlos House,she/they,Sarah Wiggins,they/them
Carlos House,she/they,Sabrina Gallegos,she/her
Carlos House,she/they,Scott Haynes,he/they
Bobby Thomas,he/they,Kelly Henry,they/them
Bobby Thomas,he/they,Courtney Conrad,she/her
Bobby Thomas,he/they,Joseph Patel,he/him
Bobby Thomas,he/they,Ian Warren,they/them
Bobby Thomas,he/they,David Sanchez,he/him
Bobby Thomas,he/they,Joanne Stone,they/them
Ian Warren,they/them,Vicki Gonzalez,he/they
Ian Warren,they/them,Kimberly Kane,he/they
Ian Warren,they/them,Ryan Villa,she/her
Cheyenne Torres,he/him,William White,they/them
Cheyenne Torres,he/him,Ellen Owens,she/they
Cheyenne Torres,he/him,Jonathan Carey,he/him
John Garcia,they/them,Ashlee Campos,he/they
John Garcia,they/them,Jay James,xe/xer
John Garcia,they/them,Benjamin Russo,she/her
John Garcia,they/them,Kathleen Butler,he/they
John Garcia,they/them,David Sanchez,he/him
John Garcia,they/them,Zachary Espinoza,she/her
Michael Payne,she/her,Eric Harris,he/they
Michael Payne,she/her,Lisa Stevens,he/him
Michael Payne,she/her,Erin Patel,she/her
Michael Payne,she/her,Diane Martinez,he/they
Michael Payne,she/her,Vicki Gonzalez,he/they
Donna Cole DVM,he/they,Karen Warner,xe/xer
Donna Cole DVM,he/they,Laura Webb,she/her
Donna Cole DVM,he/they,Jennifer Ingram,they/them
Donna Cole DVM,he/they,Jacob Burton,she/her
Matthew Kelley,he/him,Robert Edwards,they/them
Matthew Kelley,he/him,Anna Wood,she/they
Matthew Kelley,he/him,Tyler Ortega,she/her
Emily Collins,xe/xer,Theresa Contreras,he/him
Emily Collins,xe/xer,Kathleen Butler,he/they
Emily Collins,xe/xer,Matthew Rodriguez,she/her
Emily Collins,xe/xer,Dominique Harris,they/them
Emily Collins,xe/xer,Beth Duran,he/they
Kelly Henry,they/them,Nathan Reynolds,he/him
Kelly Henry,they/them,Lisa Berry,he/they
Kelly Henry,they/them,Veronica Davis,xe/xer
Kelly Henry,they/them,Daniel Matthews,she/they
Amber Smith,she/they,Carla Farmer,xe/xer
Amber Smith,she/they,Mia Carroll,xe/xer
Amber Smith,she/they,Kathleen Butler,he/they
Amber Smith,she/they,Michele Mitchell,she/her
Thomas Hall,they/them,Valerie Jones,he/they
Thomas Hall,they/them,Heidi Liu,she/they
Thomas Hall,they/them,Mary Lewis,she/they
Thomas Hall,they/them,Anthony Crane,xe/xer
Thomas Hall,they/them,Lisa Berry,he/they
Thomas Hall,they/them,Robert Rivera,he/him
Karen Adams,she/they,Heidi Liu,she/they
Karen Adams,she/they,Natasha Lewis,she/her
Karen Adams,she/they,Tara Davidson,they/them
Karen Adams,she/they,Carla Lucas,she/they
Karen Adams,she/they,Timothy Pittman,she/they
David Young,she/they,Gary Griffin,she/they
David Young,she/they,Joseph Gonzalez,he/they
David Young,she/they,Lance Butler,she/they
David Young,she/they,Joseph Patel,he/him
David Young,she/they,Cynthia Brown,she/her
David Young,she/they,Travis Snow,they/them
Jillian Hall,they/them,Daniel Matthews,she/they
Jillian Hall,they/them,Aaron Ross,they/them
Jillian Hall,they/them,Amber Smith,she/they
Daniel Obrien,he/him,Michael Li Jr.,they/them
Daniel Obrien,he/him,Robert Martinez,he/they
Daniel Obrien,he/him,John Russell,she/her
Donna Mcclure,she/they,Laura Webb,she/her
Donna Mcclure,she/they,Laura Webb,she/her
Donna Mcclure,she/they,Morgan Jones,he/him
Donna Mcclure,she/they,Kenneth Murphy,he/him
Dana Hobbs,she/her,Fernando Campbell,she/her
Dana Hobbs,she/her,Kathryn Scott,they/them
Dana Hobbs,she/her,Mary Lewis,she/they
Kenneth Murphy,he/him,Terry Rosales,they/them
Kenneth Murphy,he/him,Jennifer Bradley,he/him
Kenneth Murphy,he/him,Amy Whitehead,xe/xer
Kenneth Murphy,he/him,Jose Alexander,he/him
Kenneth Murphy,he/him,Sara Sanders,he/they
Kenneth Murphy,he/him,Robert Martinez,he/they
Howard Phillips,they/them,William Wallace,they/them
Howard Phillips,they/them,Vicki Gonzalez,he/they
Howard Phillips,they/them,Robert Martinez,he/they
Howard Phillips,they/them,Lance Butler,she/they
Howard Phillips,they/them,Laura Jones,they/them
Howard Phillips,they/them,Brittany Wilson,she/they
James Sharp,he/him,David Carter MD,he/him
James Sharp,he/him,Joseph Patel,he/him
James Sharp,he/him,Diana Torres,she/they
James Sharp,he/him,Valerie Jones,he/they
James Sharp,he/him,Jillian Hall,they/them
James Sharp,he/him,Christopher Estrada,he/they
Robert Rivera,he/him,Ryan Burnett,he/they
Robert Rivera,he/him,Gordon Jones,she/they
Robert Rivera,he/him,Sabrina Gallegos,she/her
Robert Rivera,he/him,Cheyenne Torres,he/him
Robert Rivera,he/him,Mia Carroll,xe/xer
Robert Rivera,he/him,Ricky Werner,he/him
Richard Harper,he/him,Albert Barton,xe/xer
Richard Harper,he/him,Sara Gonzalez,he/they
Richard Harper,he/him,Jessica Wright,he/him
Richard Harper,he/him,Jamie Medina DDS,he/they
Richard Harper,he/him,Diane Green,he/they
Richard Harper,he/him,Katherine Graves,he/him
Mary Buckley,she/her,David Carter MD,he/him
Mary Buckley,she/her,Julie Ochoa,she/they
Mary Buckley,she/her,Nathaniel Johnson,she/they
Mary Buckley,she/her,Christopher Brown,she/her
Daniel Matthews,she/they,Connie Moore,he/they
Daniel Matthews,she/they,Brenda Kirk,he/him
Daniel Matthews,she/they,Gordon Jones,she/they
Daniel Matthews,she/they,Nathan Reynolds,he/him
Daniel Matthews,she/they,Karen Adams,she/they
Richard Jones,he/him,Jesse Richard,she/they
Richard Jones,he/him,Bobby Thomas,he/they
Richard Jones,he/him,Jill Jones,he/him
Richard Jones,he/him,Anna Wood,she/they
Richard Jones,he/him,Matthew Kelley,he/him
Richard Jones,he/him,Connie Moore,he/they
Walter Coleman,she/her,Gordon Jones,she/they
Walter Coleman,she/her,Joanna Hanson,he/they
Walter Coleman,she/her,Mr. Randy Ryan DDS,xe/xer
Walter Coleman,she/her,Robert Rogers,she/her
Walter Coleman,she/her,John Russell,she/her
Walter Coleman,she/her,Christopher Moreno,she/her
Jamie Medina DDS,he/they,Jade Smith,he/they
Jamie Medina DDS,he/they,Richard Ferguson,she/they
Jamie Medina DDS,he/they,Melissa Perez,he/they
Nicholas Johnson,she/they,John Garcia,they/them
Nicholas Johnson,she/they,Hannah Mitchell,she/her
Nicholas Johnson,she/they,Scott Garcia,she/they
Nicholas Johnson,she/they,Briana Anderson,she/they
Nicholas Johnson,she/they,Karl Klein,he/they
Erin Patel,she/her,Karl Klein,he/they
Erin Patel,she/her,Albert George,she/they
Erin Patel,she/her,Carla Farmer,xe/xer
Erin Patel,she/her,Richard Jones,he/him
Amanda Moore,she/they,Amy Jordan MD,she/her
Amanda Moore,she/they,Debbie Evans,she/her
Amanda Moore,she/they,Gordon Jones,she/they
Amanda Moore,she/they,Chad Perez,she/they
Amanda Moore,she/they,Kristy Carr,she/her
Amanda Moore,she/they,Sylvia Benson,xe/xer
William Wallace,they/them,Kimberly Kane,he/they
William Wallace,they/them,Donald Nolan,she/her
William Wallace,they/them,Sheila David,xe/xer
Amy Whitehead,xe/xer,Keith Miller,he/they
Amy Whitehead,xe/xer,Karen Adams,she/they
Amy Whitehead,xe/xer,Nathaniel Fisher,they/them
Amy Whitehead,xe/xer,Carla Lucas,she/they
Amy Whitehead,xe/xer,Carla Farmer,xe/xer
Amy Whitehead,xe/xer,William Wallace,they/them
Debra Copeland,he/they,Robert Martinez,he/they
Debra Copeland,he/they,Cheyenne Torres,he/him
Debra Copeland,he/they,Steven Anderson,he/him
Debra Copeland,he/they,Ashlee Campos,he/they
Debra Copeland,he/they,Sean Lopez,they/them
Debra Copeland,he/they,Kelly Henry,they/them
Ryan Villa,she/her,Nicole Griffith,she/her
Ryan Villa,she/her,David Sanchez,he/him
Ryan Villa,she/her,Michael Payne,she/her
Ryan Villa,she/her,Fernando Campbell,she/her
Ryan Villa,she/her,Corey Lopez,she/her
Melissa Barker,she/they,Timothy Berry,they/them
Melissa Barker,she/they,Daniel Matthews,she/they
Melissa Barker,she/they,Steven Anderson,he/him
Melissa Barker,she/they,Keith Cowan,he/him
Melissa Barker,she/they,Joanna Hanson,he/they
Melissa Barker,she/they,Laura Webb,she/her
Scott Garcia,she/they,Elizabeth Jenkins,she/they
Scott Garcia,she/they,Robert Edwards,they/them
Scott Garcia,she/they,Harold Campbell,she/they
Scott Garcia,she/they,Sylvia Benson,xe/xer
Bridget Garcia,he/they,Cheryl Perry,she/her
Bridget Garcia,he/they,Heidi Liu,she/they
Bridget Garcia,he/they,Amanda Moore,she/they
Jennifer Harris,she/her,Carrie Williams,she/her
Jennifer Harris,she/her,Anna Wood,she/they
Jennifer Harris,she/her,Jennifer Riddle,she/they
Jennifer Harris,she/her,Tyler Shaw,he/they
Jennifer Harris,she/her,Melissa Brown,she/they
Michael Baker,she/her,Brenda Kirk,he/him
Michael Baker,she/her,Terry Martin,he/him
Michael Baker,she/her,Christopher Moreno,she/her
Michael Baker,she/her,Sabrina Gallegos,she/her
Nathan Reynolds,he/him,Eugene Harris,he/him
Nathan Reynolds,he/him,Robyn Moore,he/they
Nathan Reynolds,he/him,Robert Edwards,they/them
Nathan Reynolds,he/him,Valerie Jones,he/they
Nathan Reynolds,he/him,Carmen Howell,he/they
Nathan Reynolds,he/him,Dawn Williams,they/them
Judith Hopkins,xe/xer,Mary Buckley,she/her
Judith Hopkins,xe/xer,Gordon Jones,she/they
Judith Hopkins,xe/xer,Carla Farmer,xe/xer
Judith Hopkins,xe/xer,Cheryl Perry,she/her
Jennifer Morales,she/they,Lance Butler,she/they
Jennifer Morales,she/they,Dawn Williams,they/them
Jennifer Morales,she/they,Jessica Sanchez,she/they
Jennifer Morales,she/they,Dominique Harris,they/them
Jennifer Morales,she/they,Katelyn Coffey,they/them
Richard Mills,he/him,Amanda Moore,she/they
Richard Mills,he/him,Dana Webb,he/they
Richard Mills,he/him,Terry Martin,he/him
Richard Mills,he/him,Lucas Parker,she/her
Gordon Jones,she/they,Bridget Garcia,he/they
Gordon Jones,she/they,Robert Martinez,he/they
Gordon Jones,she/they,Frank Pierce,xe/xer
Matthew Bradley,she/her,Emily Allen,she/her
Matthew Bradley,she/her,John Russell,she/her
Matthew Bradley,she/her,Ashley Flores,she/they
Matthew Bradley,she/her,Donna Mcclure,she/they
Matthew Bradley,she/her,Christopher Brown,she/her
Matthew Bradley,she/her,Dana Hobbs,she/her
Sara Sanders,he/they,Sarah Wiggins,they/them
Sara Sanders,he/they,Robert Edwards,they/them
Sara Sanders,he/they,Donna Mcclure,she/they
Angela Hinton,he/him,Crystal Frazier,she/they
Angela Hinton,he/him,Matthew Kelley,he/him
Angela Hinton,he/him,Matthew Rodriguez,she/her
Angela Hinton,he/him,Joseph Patel,he/him
Angela Hinton,he/him,Robin Cooke,he/they
Angela Hinton,he/him,Alexis Carter,xe/xer
Lisa Young,she/they,Harold Campbell,she/they
Lisa Young,she/they,Pamela Taylor,he/they
Lisa Young,she/they,Matthew Soto,xe/xer
Lisa Young,she/they,Dr. Michael Lopez,xe/xer
Lisa Young,she/they,Andrew Garcia,she/her
Lisa Young,she/they,Melissa Brown,she/they
Natasha Lewis,she/her,Jimmy May,xe/xer
Natasha Lewis,she/her,Kelly Henry,they/them
Natasha Lewis,she/her,Ryan Andrade,she/they
Natasha Lewis,she/her,Benjamin Russo,she/her
Natasha Lewis,she/her,Joseph Patel,he/him
Katelyn Coffey,they/them,Wayne Thompson,she/her
Katelyn Coffey,they/them,Miguel May,she/they
Katelyn Coffey,they/them,Christopher Ray,he/they
Katelyn Coffey,they/them,Dawn Williams,they/them
Katelyn Coffey,they/them,Robert Edwards,they/them
Jade Smith,he/they,Ricky Werner,he/him
Jade Smith,he/they,Dominique Harris,they/them
Jade Smith,he/they,Diane Green,he/they
Jade Smith,he/they,Donna Cole DVM,he/they
Jade Smith,he/they,Erik Roberson,she/they
Jade Smith,he/they,Rachel Perez,he/they
Kelly Rivera,he/him,Valerie Jones,he/they
Kelly Rivera,he/him,Katherine Graves,he/him
Kelly Rivera,he/him,Kathleen Gonzalez,she/her
Kelly Rivera,he/him,Robert Rivera,he/him
Kelly Rivera,he/him,Maurice Vincent,xe/xer
Lance Butler,she/they,Abigail Harmon,they/them
Lance Butler,she/they,Jay James,xe/xer
Lance Butler,she/they,Erik Roberson,she/they
Lance Butler,she/they,Nathaniel Fisher,they/them
Daniel Walker,he/they,Harold Campbell,she/they
Daniel Walker,he/they,Dale Everett,she/they
Daniel Walker,he/they,Lindsay Hamilton,he/him
Megan Hoover,xe/xer,Gordon Jones,she/they
Megan Hoover,xe/xer,Melanie Garcia,xe/xer
Megan Hoover,xe/xer,Jeffrey Mooney,xe/xer
Carol Jefferson,they/them,Robyn Moore,he/they
Carol Jefferson,they/them,Courtney Conrad,she/her
Carol Jefferson,they/them,James Tran,she/they
Carol Jefferson,they/them,Timothy Pittman,she/they
John Garcia,she/her,Karen Adams,she/they
John Garcia,she/her,Madison Lara,she/her
John Garcia,she/her,Rachel Cox,xe/xer
John Garcia,she/her,Kelly Henry,they/them
John Garcia,she/her,Hannah Chan,she/they
Mark Thompson,xe/xer,Judith Hopkins,xe/xer
Mark Thompson,xe/xer,Rachel Perez,he/they
Mark Thompson,xe/xer,Sylvia Benson,xe/xer
Lindsay Hamilton,he/him,Stephanie Bailey,she/they
Lindsay Hamilton,he/him,Robin Schneider,he/him
Lindsay Hamilton,he/him,Connie Moore,he/they
Lindsay Hamilton,he/him,Robyn Moore,he/they
Lindsay Hamilton,he/him,Erik Roberson,she/they
Lindsay Hamilton,he/him,Ashley Carlson,he/him
Ashley Flores,she/they,Christopher Moreno,she/her
Ashley Flores,she/they,Katelyn Coffey,they/them
Ashley Flores,she/they,Michael Baker,she/her
Ashley Flores,she/they,Judith Hopkins,xe/xer
Ashley Flores,she/they,Jennifer Morales,she/they
Sherri Spencer,he/they,Dawn Williams,they/them
Sherri Spencer,he/they,Valerie Jones,he/they
Sherri Spencer,he/they,Matthew Soto,xe/xer
Sherri Spencer,he/they,Diana Torres,she/they
Sherri Spencer,he/they,Sarah Wiggins,they/them
Sherri Spencer,he/they,Jessica Wright,he/him
Carmen Howell,he/they,Walter Coleman,she/her
Carmen Howell,he/they,Robert Terrell,xe/xer
Carmen Howell,he/they,Stephanie Bailey,she/they
Carmen Howell,he/they,Tammy Dixon,he/they
Frank Pierce,xe/xer,Howard Phillips,they/them
Frank Pierce,xe/xer,Anthony Crane,xe/xer
Frank Pierce,xe/xer,Kristy Carr,she/her
Frank Pierce,xe/xer,Jimmy May,xe/xer
Frank Pierce,xe/xer,Dominique Harris,they/them
Frank Pierce,xe/xer,Jessica Sanchez,she/they
David Wilson,he/him,Joseph Patel,he/him
David Wilson,he/him,Sherri Spencer,he/they
David Wilson,he/him,Ellen Owens,she/they
David Wilson,he/him,Joseph Patel,he/him
Scott Haynes,he/they,Robert Edwards,they/them
Scott Haynes,he/they,Gary Griffin,she/they
Scott Haynes,he/they,Wayne Thompson,she/her
Scott Haynes,he/they,Donna Wells,he/him
Scott Haynes,he/they,Aaron Ross,they/them
Scott Haynes,he/they,Kathleen Gonzalez,she/her
Robert Terrell,xe/xer,Miguel May,she/they
Robert Terrell,xe/xer,Joseph Patel,he/him
Robert Terrell,xe/xer,Nathan Reynolds,he/him
Robert Terrell,xe/xer,Kathy Stevens,he/him
Jessica Wiley,she/her,Jimmy May,xe/xer
Jessica Wiley,she/her,Thomas Hall,they/them
Jessica Wiley,she/her,Paul Saunders,he/they
Jessica Wiley,she/her,Natasha Lewis,she/her
Julie Ochoa,she/they,Robert Rogers,she/her
Julie Ochoa,she/they,William Wallace,they/them
Julie Ochoa,she/they,Keith Cowan,he/him
Kelly Nelson,they/them,Valerie Jones,he/they
Kelly Nelson,they/them,Danielle Hoffman,xe/xer
Kelly Nelson,they/them,Christopher Moreno,she/her
Kelly Nelson,they/them,Philip Weber,xe/xer
Kelly Nelson,they/them,Lisa Young,she/they
Jay Lee,she/her,David Wilson,he/him
Jay Lee,she/her,Stephanie Bailey,she/they
Jay Lee,she/her,Timothy Bowen,she/they
Jay Lee,she/her,Melissa Brown,she/they
Jay Lee,she/her,Brandon Nelson,they/them
Jennifer Ingram,they/them,Keith Miller,he/they
Jennifer Ingram,they/them,Jose Alexander,he/him
Jennifer Ingram,they/them,Janice Hicks,they/them
Jennifer Ingram,they/them,Theresa Byrd,xe/xer
Crystal Frazier,she/they,Travis Snow,they/them
Crystal Frazier,she/they,John Russell,she/her
Crystal Frazier,she/they,Zachary Espinoza,she/her
Crystal Frazier,she/they,Debbie Evans,she/her
Crystal Frazier,she/they,Dr. Michael Lopez,xe/xer
Crystal Frazier,she/they,Robyn Moore,he/they
Dana Webb,he/they,Jose Alexander,he/him
Dana Webb,he/they,Joshua Owens,she/they
Dana Webb,he/they,Elizabeth Jenkins,she/they
Dana Webb,he/they,Kathryn Scott,they/them
Dana Webb,he/they,Crystal Frazier,she/they
Ryan Burnett,he/they,William Wallace,they/them
Ryan Burnett,he/they,Cheyenne Torres,he/him
Ryan Burnett,he/they,Joshua Elliott,he/they
Ryan Burnett,he/they,Melissa Perez,he/they
Ryan Burnett,he/they,James Sharp,he/him
Sylvia Benson,xe/xer,Sara Sanders,he/they
Sylvia Benson,xe/xer,Alexis Carter,xe/xer
Sylvia Benson,xe/xer,Donna Brown,she/her
Curtis Smith,xe/xer,Marco Ford,xe/xer
Curtis Smith,xe/xer,Lisa Wyatt,he/they
Curtis Smith,xe/xer,Sherri Spencer,he/they
Curtis Smith,xe/xer,Robyn Moore,he/they
Curtis Smith,xe/xer,Oscar Chavez,xe/xer
David Sanchez,he/him,Keith Cowan,he/him
David Sanchez,he/him,Tyler Shaw,he/they
David Sanchez,he/him,Tiffany Lewis,she/they
Marco Ford,xe/xer,Dominique Harris,they/them
Marco Ford,xe/xer,Karen Warner,xe/xer
Marco Ford,xe/xer,Gloria Brown,they/them
Marco Ford,xe/xer,Debra Copeland,he/they
Marco Ford,xe/xer,Brenda Kirk,he/him
Anthony Crane,xe/xer,Andrew Garcia,she/her
Anthony Crane,xe/xer,Sarah Wiggins,they/them
Anthony Crane,xe/xer,Keith Miller,he/they
Tara Davidson,they/them,Jamie Medina DDS,he/they
Tara Davidson,they/them,Anna Wood,she/they
Tara Davidson,they/them,Michael Farmer,she/her
Tara Davidson,they/them,Robyn Moore,he/they
Tara Davidson,they/them,Michael Payne,she/her
Tara Davidson,they/them,Maurice Vincent,xe/xer
Benjamin Russo,she/her,Crystal Frazier,she/they
Benjamin Russo,she/her,Dana Webb,he/they
Benjamin Russo,she/her,Karen Davis,xe/xer
Benjamin Russo,she/her,Donna Brown,she/her
Benjamin Russo,she/her,Gloria Brown,they/them
Benjamin Russo,she/her,Phillip Murphy MD,she/they
Corey Lopez,she/her,Terry Martin,he/him
Corey Lopez,she/her,Albert George,she/they
Corey Lopez,she/her,Anna Wood,she/they
Corey Lopez,she/her,Jennifer Riddle,she/they
Corey Lopez,she/her,Lindsay Hamilton,he/him
Jimmy May,xe/xer,Philip Weber,xe/xer
Jimmy May,xe/xer,Marissa Jones,they/them
Jimmy May,xe/xer,Bobby Thomas,he/they
Jimmy May,xe/xer,Donald Jordan,she/her
Jimmy May,xe/xer,Julie Macdonald DVM,she/her
Joseph Gonzalez,he/they,Lance Butler,she/they
Joseph Gonzalez,he/they,Briana Anderson,she/they
Joseph Gonzalez,he/they,Jennifer Bradley,he/him
Mariah Nelson,she/they,Matthew Bradley,she/her
Mariah Nelson,she/they,Gloria Brown,they/them
Mariah Nelson,she/they,Valerie Jones,he/they
Richard Ferguson,she/they,Miguel May,she/they
Richard Ferguson,she/they,Robin Cooke,he/they
Richard Ferguson,she/they,Brian Myers,they/them
Richard Ferguson,she/they,Alexis Carter,xe/xer
Richard Ferguson,she/they,Kelly Nelson,they/them
Elizabeth Jenkins,she/they,Abigail Harmon,they/them
Elizabeth Jenkins,she/they,Jamie Medina DDS,he/they
Elizabeth Jenkins,she/they,Julie Macdonald DVM,she/her
Elizabeth Jenkins,she/they,Julie Brooks,she/her
Elizabeth Jenkins,she/they,Carla Lucas,she/they
Elizabeth Jenkins,she/they,Laura Jones,they/them
Pamela Taylor,he/they,Jennifer Morales,she/they
Pamela Taylor,he/they,Jonathan Carey,he/him
Pamela Taylor,he/they,Jennifer Morales,she/they
Pamela Taylor,he/they,Amber Smith,she/they
Pamela Taylor,he/they,Edward Solis,she/they
Christopher Estrada,he/they,Eugene Harris,he/him
Christopher Estrada,he/they,Sara Sanders,he/they
Christopher Estrada,he/they,Gary Griffin,she/they
Christopher Estrada,he/they,Donna Cole DVM,he/they
Destiny Simon,they/them,Sherri Spencer,he/they
Destiny Simon,they/them,Courtney Conrad,she/her
Destiny Simon,they/them,Julie Brooks,she/her
Destiny Simon,they/them,Walter Coleman,she/her
Destiny Simon,they/them,Diane Martinez,he/they
Brittany King,he/him,Carol Jefferson,they/them
Brittany King,he/him,Heidi Liu,she/they
Brittany King,he/him,Robyn Moore,he/they
Brittany King,he/him,John Russell,she/her
Brittany King,he/him,Melissa Cabrera,he/they
Debbie Evans,she/her,Amanda Moore,she/they
Debbie Evans,she/her,Matthew Fields,she/they
Debbie Evans,she/her,Jessica Wiley,she/her
Debbie Evans,she/her,Mr. Douglas Wagner MD,xe/xer
Debbie Evans,she/her,Amy Whitehead,xe/xer
Debbie Evans,she/her,Daniel Walker,he/they
John Sutton,xe/xer,Jennifer Anderson,they/them
John Sutton,xe/xer,Gloria Brown,they/them
John Sutton,xe/xer,Philip Weber,xe/xer
John Sutton,xe/xer,Miranda Lee,xe/xer
John Sutton,xe/xer,Dana Webb,he/they
John Russell,she/her,Timothy Bowen,she/they
John Russell,she/her,Joshua Owens,she/they
John Russell,she/her,Laura Webb,she/her
John Russell,she/her,Michael Farmer,she/her
John Russell,she/her,Marco Ford,xe/xer
John Russell,she/her,Kelly Nelson,they/them
Melanie Garcia,xe/xer,Jessica Sanchez,she/they
Melanie Garcia,xe/xer,Keith Miller,he/they
Melanie Garcia,xe/xer,Michael Farmer,she/her
Melanie Garcia,xe/xer,James Tran,she/they
Melanie Garcia,xe/xer,Sarah Perez,he/they
Benjamin Duran,xe/xer,Miguel May,she/they
Benjamin Duran,xe/xer,Maurice Vincent,xe/xer
Benjamin Duran,xe/xer,Nathan Reynolds,he/him
Benjamin Duran,xe/xer,Dr. Michael Lopez,xe/xer
Aaron Ross,they/them,Michael Baldwin,he/him
Aaron Ross,they/them,Edward Solis,she/they
Aaron Ross,they/them,Sean Lopez,they/them
Sabrina Gallegos,she/her,Michael Farmer,she/her
Sabrina Gallegos,she/her,Zachary Espinoza,she/her
Sabrina Gallegos,she/her,Lance Butler,she/they
Sabrina Gallegos,she/her,Lisa Le,xe/xer
Sabrina Gallegos,she/her,Kimberly Little,she/her
Maurice Vincent,xe/xer,Philip Weber,xe/xer
Maurice Vincent,xe/xer,Jill Jones,he/him
Maurice Vincent,xe/xer,Kathryn Scott,they/them
Maurice Vincent,xe/xer,Mariah Nelson,she/they
Maurice Vincent,xe/xer,Brian Mullins,xe/xer
Maurice Vincent,xe/xer,Jeanne Fritz,xe/xer
Jerry Sharp,she/her,Lance Butler,she/they
Jerry Sharp,she/her,Joshua Owens,she/they
Jerry Sharp,she/her,Jesse Richard,she/they
